filename,width,height,class,xmin,ymin,xmax,ymax
673a032c-8641-4bb1-8b78-cb79909f0af7_jpg.rf.0cddc9c0b65fda400e44e11f895bd6fc.jpg,1920,1080,square_sandwich,1234,230,1496,454
673a032c-8641-4bb1-8b78-cb79909f0af7_jpg.rf.0cddc9c0b65fda400e44e11f895bd6fc.jpg,1920,1080,fruit_cake,1341,582,1487,721
673a032c-8641-4bb1-8b78-cb79909f0af7_jpg.rf.0cddc9c0b65fda400e44e11f895bd6fc.jpg,1920,1080,mug,672,588,841,756
673a032c-8641-4bb1-8b78-cb79909f0af7_jpg.rf.0cddc9c0b65fda400e44e11f895bd6fc.jpg,1920,1080,takeout_hot,682,433,839,575
673a032c-8641-4bb1-8b78-cb79909f0af7_jpg.rf.0cddc9c0b65fda400e44e11f895bd6fc.jpg,1920,1080,cheese_cake,863,367,1008,475
673a032c-8641-4bb1-8b78-cb79909f0af7_jpg.rf.0cddc9c0b65fda400e44e11f895bd6fc.jpg,1920,1080,tiramisu,899,579,1004,755
673a032c-8641-4bb1-8b78-cb79909f0af7_jpg.rf.0cddc9c0b65fda400e44e11f895bd6fc.jpg,1920,1080,triangle_sandwich,1057,401,1277,615
673a032c-8641-4bb1-8b78-cb79909f0af7_jpg.rf.0cddc9c0b65fda400e44e11f895bd6fc.jpg,1920,1080,tray,1082,208,1560,837
673a032c-8641-4bb1-8b78-cb79909f0af7_jpg.rf.0cddc9c0b65fda400e44e11f895bd6fc.jpg,1920,1080,tray,711,296,1091,866
99728bac-2f69-4eeb-92bf-64894c5a7a07_jpg.rf.0ee5510084bb2020df35c86b4faf4f16.jpg,1920,1080,tiramisu,655,136,841,306
99728bac-2f69-4eeb-92bf-64894c5a7a07_jpg.rf.0ee5510084bb2020df35c86b4faf4f16.jpg,1920,1080,square_sandwich,469,318,676,607
99728bac-2f69-4eeb-92bf-64894c5a7a07_jpg.rf.0ee5510084bb2020df35c86b4faf4f16.jpg,1920,1080,takeout_hot,736,470,907,638
99728bac-2f69-4eeb-92bf-64894c5a7a07_jpg.rf.0ee5510084bb2020df35c86b4faf4f16.jpg,1920,1080,mug,844,227,998,443
99728bac-2f69-4eeb-92bf-64894c5a7a07_jpg.rf.0ee5510084bb2020df35c86b4faf4f16.jpg,1920,1080,fruit_cake,1070,429,1225,544
99728bac-2f69-4eeb-92bf-64894c5a7a07_jpg.rf.0ee5510084bb2020df35c86b4faf4f16.jpg,1920,1080,triangle_sandwich,856,673,1122,875
99728bac-2f69-4eeb-92bf-64894c5a7a07_jpg.rf.0ee5510084bb2020df35c86b4faf4f16.jpg,1920,1080,cheese_cake,1172,649,1363,756
99728bac-2f69-4eeb-92bf-64894c5a7a07_jpg.rf.0ee5510084bb2020df35c86b4faf4f16.jpg,1920,1080,tray,362,12,1093,800
99728bac-2f69-4eeb-92bf-64894c5a7a07_jpg.rf.0ee5510084bb2020df35c86b4faf4f16.jpg,1920,1080,tray,806,254,1505,1037
6ffd0c69-146e-4c5d-aaaa-b149f106b2ea_jpg.rf.23612d30cbe933c5e62ff052b0559934.jpg,1920,1080,square_sandwich,943,538,1126,753
6ffd0c69-146e-4c5d-aaaa-b149f106b2ea_jpg.rf.23612d30cbe933c5e62ff052b0559934.jpg,1920,1080,triangle_sandwich,1121,318,1282,518
6ffd0c69-146e-4c5d-aaaa-b149f106b2ea_jpg.rf.23612d30cbe933c5e62ff052b0559934.jpg,1920,1080,cheese_cake,960,367,1085,506
6ffd0c69-146e-4c5d-aaaa-b149f106b2ea_jpg.rf.23612d30cbe933c5e62ff052b0559934.jpg,1920,1080,takeout_hot,1214,568,1371,690
6ffd0c69-146e-4c5d-aaaa-b149f106b2ea_jpg.rf.23612d30cbe933c5e62ff052b0559934.jpg,1920,1080,mug,1109,675,1271,801
6ffd0c69-146e-4c5d-aaaa-b149f106b2ea_jpg.rf.23612d30cbe933c5e62ff052b0559934.jpg,1920,1080,tiramisu,1178,776,1295,877
6ffd0c69-146e-4c5d-aaaa-b149f106b2ea_jpg.rf.23612d30cbe933c5e62ff052b0559934.jpg,1920,1080,fruit_cake,1347,579,1447,727
6ffd0c69-146e-4c5d-aaaa-b149f106b2ea_jpg.rf.23612d30cbe933c5e62ff052b0559934.jpg,1920,1080,tray,777,169,1326,759
6ffd0c69-146e-4c5d-aaaa-b149f106b2ea_jpg.rf.23612d30cbe933c5e62ff052b0559934.jpg,1920,1080,tray,1034,434,1487,948
55987c33-85e8-494e-a80d-88f86587fcf4_jpg.rf.07d1718706894d5891de9839bbd9012e.jpg,1920,1080,takeout_ice,709,597,855,737
55987c33-85e8-494e-a80d-88f86587fcf4_jpg.rf.07d1718706894d5891de9839bbd9012e.jpg,1920,1080,tumbler,669,382,855,558
55987c33-85e8-494e-a80d-88f86587fcf4_jpg.rf.07d1718706894d5891de9839bbd9012e.jpg,1920,1080,cheese_cake,1119,255,1259,432
55987c33-85e8-494e-a80d-88f86587fcf4_jpg.rf.07d1718706894d5891de9839bbd9012e.jpg,1920,1080,tiramisu,1154,590,1308,692
55987c33-85e8-494e-a80d-88f86587fcf4_jpg.rf.07d1718706894d5891de9839bbd9012e.jpg,1920,1080,square_sandwich,856,519,1066,726
55987c33-85e8-494e-a80d-88f86587fcf4_jpg.rf.07d1718706894d5891de9839bbd9012e.jpg,1920,1080,triangle_sandwich,1258,360,1459,559
55987c33-85e8-494e-a80d-88f86587fcf4_jpg.rf.07d1718706894d5891de9839bbd9012e.jpg,1920,1080,tray,1100,187,1586,815
55987c33-85e8-494e-a80d-88f86587fcf4_jpg.rf.07d1718706894d5891de9839bbd9012e.jpg,1920,1080,tray,733,288,1113,863
55987c33-85e8-494e-a80d-88f86587fcf4_jpg.rf.07d1718706894d5891de9839bbd9012e.jpg,1920,1080,fruit_cake,870,325,1042,466
503994ca-eb2d-4695-9614-cb5c0426b8dc_jpg.rf.1d86964c389817d8f8a8d11f95f4c73f.jpg,1920,1080,takeout_hot,1208,227,1384,393
503994ca-eb2d-4695-9614-cb5c0426b8dc_jpg.rf.1d86964c389817d8f8a8d11f95f4c73f.jpg,1920,1080,mug,1188,422,1377,625
503994ca-eb2d-4695-9614-cb5c0426b8dc_jpg.rf.1d86964c389817d8f8a8d11f95f4c73f.jpg,1920,1080,scone,631,245,790,404
503994ca-eb2d-4695-9614-cb5c0426b8dc_jpg.rf.1d86964c389817d8f8a8d11f95f4c73f.jpg,1920,1080,muffin,977,277,1117,419
503994ca-eb2d-4695-9614-cb5c0426b8dc_jpg.rf.1d86964c389817d8f8a8d11f95f4c73f.jpg,1920,1080,macaron,435,454,587,604
503994ca-eb2d-4695-9614-cb5c0426b8dc_jpg.rf.1d86964c389817d8f8a8d11f95f4c73f.jpg,1920,1080,croissant,654,615,844,836
503994ca-eb2d-4695-9614-cb5c0426b8dc_jpg.rf.1d86964c389817d8f8a8d11f95f4c73f.jpg,1920,1080,bagel,943,594,1123,774
503994ca-eb2d-4695-9614-cb5c0426b8dc_jpg.rf.1d86964c389817d8f8a8d11f95f4c73f.jpg,1920,1080,tray,884,159,1363,894
503994ca-eb2d-4695-9614-cb5c0426b8dc_jpg.rf.1d86964c389817d8f8a8d11f95f4c73f.jpg,1920,1080,tray,370,150,884,911
b534f045-fc37-47a1-a5d7-165b7c3e3a59_jpg.rf.1abeee679c1f965bc205e5a88532ca24.jpg,1920,1080,takeout_ice,715,492,873,639
b534f045-fc37-47a1-a5d7-165b7c3e3a59_jpg.rf.1abeee679c1f965bc205e5a88532ca24.jpg,1920,1080,tumbler,644,589,877,793
b534f045-fc37-47a1-a5d7-165b7c3e3a59_jpg.rf.1abeee679c1f965bc205e5a88532ca24.jpg,1920,1080,macaron,939,624,1053,754
b534f045-fc37-47a1-a5d7-165b7c3e3a59_jpg.rf.1abeee679c1f965bc205e5a88532ca24.jpg,1920,1080,croissant,886,390,1078,499
b534f045-fc37-47a1-a5d7-165b7c3e3a59_jpg.rf.1abeee679c1f965bc205e5a88532ca24.jpg,1920,1080,muffin,1149,613,1280,741
b534f045-fc37-47a1-a5d7-165b7c3e3a59_jpg.rf.1abeee679c1f965bc205e5a88532ca24.jpg,1920,1080,scone,1139,315,1280,437
b534f045-fc37-47a1-a5d7-165b7c3e3a59_jpg.rf.1abeee679c1f965bc205e5a88532ca24.jpg,1920,1080,bagel,1314,411,1490,574
b534f045-fc37-47a1-a5d7-165b7c3e3a59_jpg.rf.1abeee679c1f965bc205e5a88532ca24.jpg,1920,1080,tray,1107,205,1587,840
b534f045-fc37-47a1-a5d7-165b7c3e3a59_jpg.rf.1abeee679c1f965bc205e5a88532ca24.jpg,1920,1080,tray,730,292,1109,871
26b4e81e-e758-4800-bbd6-5ddda3168571_jpg.rf.100ca1412f903a0a227f055eea5d728e.jpg,1920,1080,tray,766,69,1328,649
26b4e81e-e758-4800-bbd6-5ddda3168571_jpg.rf.100ca1412f903a0a227f055eea5d728e.jpg,1920,1080,macaron,936,435,1055,554
26b4e81e-e758-4800-bbd6-5ddda3168571_jpg.rf.100ca1412f903a0a227f055eea5d728e.jpg,1920,1080,tray,966,377,1442,886
26b4e81e-e758-4800-bbd6-5ddda3168571_jpg.rf.100ca1412f903a0a227f055eea5d728e.jpg,1920,1080,tumbler,1057,700,1259,889
26b4e81e-e758-4800-bbd6-5ddda3168571_jpg.rf.100ca1412f903a0a227f055eea5d728e.jpg,1920,1080,muffin,1135,569,1237,665
26b4e81e-e758-4800-bbd6-5ddda3168571_jpg.rf.100ca1412f903a0a227f055eea5d728e.jpg,1920,1080,bagel,1163,293,1293,427
26b4e81e-e758-4800-bbd6-5ddda3168571_jpg.rf.100ca1412f903a0a227f055eea5d728e.jpg,1920,1080,croissant,1253,580,1409,679
26b4e81e-e758-4800-bbd6-5ddda3168571_jpg.rf.100ca1412f903a0a227f055eea5d728e.jpg,1920,1080,scone,978,219,1101,356
26b4e81e-e758-4800-bbd6-5ddda3168571_jpg.rf.100ca1412f903a0a227f055eea5d728e.jpg,1920,1080,takeout_ice,1174,727,1301,839
1b7fe291-edce-4a70-93f7-a1ed946d4b07_jpg.rf.10ad018fa067173454af9c78dc147efc.jpg,1920,1080,scone,1297,577,1393,686
1b7fe291-edce-4a70-93f7-a1ed946d4b07_jpg.rf.10ad018fa067173454af9c78dc147efc.jpg,1920,1080,macaron,1250,429,1350,546
1b7fe291-edce-4a70-93f7-a1ed946d4b07_jpg.rf.10ad018fa067173454af9c78dc147efc.jpg,1920,1080,bagel,1132,648,1254,780
1b7fe291-edce-4a70-93f7-a1ed946d4b07_jpg.rf.10ad018fa067173454af9c78dc147efc.jpg,1920,1080,croissant,923,590,1073,731
1b7fe291-edce-4a70-93f7-a1ed946d4b07_jpg.rf.10ad018fa067173454af9c78dc147efc.jpg,1920,1080,muffin,880,402,1002,526
1b7fe291-edce-4a70-93f7-a1ed946d4b07_jpg.rf.10ad018fa067173454af9c78dc147efc.jpg,1920,1080,mug,1004,247,1164,420
1b7fe291-edce-4a70-93f7-a1ed946d4b07_jpg.rf.10ad018fa067173454af9c78dc147efc.jpg,1920,1080,takeout_hot,1092,409,1244,532
1b7fe291-edce-4a70-93f7-a1ed946d4b07_jpg.rf.10ad018fa067173454af9c78dc147efc.jpg,1920,1080,tray,1064,352,1480,865
1b7fe291-edce-4a70-93f7-a1ed946d4b07_jpg.rf.10ad018fa067173454af9c78dc147efc.jpg,1920,1080,tray,738,190,1245,789
b0037ca0-ce36-4400-95ff-3e8cfe741803_jpg.rf.2c5771591a0fb43c36c68378d313fde7.jpg,1920,1080,tray,928,288,1588,968
b0037ca0-ce36-4400-95ff-3e8cfe741803_jpg.rf.2c5771591a0fb43c36c68378d313fde7.jpg,1920,1080,tray,670,178,1202,738
b0037ca0-ce36-4400-95ff-3e8cfe741803_jpg.rf.2c5771591a0fb43c36c68378d313fde7.jpg,1920,1080,takeout_ice,1267,507,1432,680
b0037ca0-ce36-4400-95ff-3e8cfe741803_jpg.rf.2c5771591a0fb43c36c68378d313fde7.jpg,1920,1080,square_sandwich,1124,335,1351,576
b0037ca0-ce36-4400-95ff-3e8cfe741803_jpg.rf.2c5771591a0fb43c36c68378d313fde7.jpg,1920,1080,tiramisu,768,316,916,453
b0037ca0-ce36-4400-95ff-3e8cfe741803_jpg.rf.2c5771591a0fb43c36c68378d313fde7.jpg,1920,1080,fruit_cake,988,257,1131,423
b0037ca0-ce36-4400-95ff-3e8cfe741803_jpg.rf.2c5771591a0fb43c36c68378d313fde7.jpg,1920,1080,tumbler,1113,624,1340,851
b0037ca0-ce36-4400-95ff-3e8cfe741803_jpg.rf.2c5771591a0fb43c36c68378d313fde7.jpg,1920,1080,cheese_cake,801,524,948,621
b0037ca0-ce36-4400-95ff-3e8cfe741803_jpg.rf.2c5771591a0fb43c36c68378d313fde7.jpg,1920,1080,triangle_sandwich,983,597,1132,828
b52d6f0e-8d7e-4511-b1d8-51b8ab17c0d6_jpg.rf.28d63af5e5e0f5edd5f74a1461c5b041.jpg,1920,1080,tray,551,168,1341,914
b52d6f0e-8d7e-4511-b1d8-51b8ab17c0d6_jpg.rf.28d63af5e5e0f5edd5f74a1461c5b041.jpg,1920,1080,muffin,923,425,1065,569
adc03aa4-8699-4d1b-837f-3b7fa806ba12_jpg.rf.1b86a818c10d8ceccc95c645868abbd6.jpg,1920,1080,takeout_ice,970,45,1136,227
adc03aa4-8699-4d1b-837f-3b7fa806ba12_jpg.rf.1b86a818c10d8ceccc95c645868abbd6.jpg,1920,1080,tumbler,613,0,806,248
adc03aa4-8699-4d1b-837f-3b7fa806ba12_jpg.rf.1b86a818c10d8ceccc95c645868abbd6.jpg,1920,1080,fruit_cake,1026,628,1185,774
adc03aa4-8699-4d1b-837f-3b7fa806ba12_jpg.rf.1b86a818c10d8ceccc95c645868abbd6.jpg,1920,1080,tiramisu,864,849,950,1018
adc03aa4-8699-4d1b-837f-3b7fa806ba12_jpg.rf.1b86a818c10d8ceccc95c645868abbd6.jpg,1920,1080,cheese_cake,673,352,853,480
adc03aa4-8699-4d1b-837f-3b7fa806ba12_jpg.rf.1b86a818c10d8ceccc95c645868abbd6.jpg,1920,1080,square_sandwich,569,625,871,806
adc03aa4-8699-4d1b-837f-3b7fa806ba12_jpg.rf.1b86a818c10d8ceccc95c645868abbd6.jpg,1920,1080,triangle_sandwich,941,287,1205,475
adc03aa4-8699-4d1b-837f-3b7fa806ba12_jpg.rf.1b86a818c10d8ceccc95c645868abbd6.jpg,1920,1080,tray,519,73,1263,579
adc03aa4-8699-4d1b-837f-3b7fa806ba12_jpg.rf.1b86a818c10d8ceccc95c645868abbd6.jpg,1920,1080,tray,519,570,1268,1079
3e582b2d-550f-4bed-9524-fac92db3adf3_jpg.rf.31b81e5f0591f134423242e32b25b21a.jpg,1920,1080,tray,895,167,1380,899
3e582b2d-550f-4bed-9524-fac92db3adf3_jpg.rf.31b81e5f0591f134423242e32b25b21a.jpg,1920,1080,tray,388,150,899,913
3e582b2d-550f-4bed-9524-fac92db3adf3_jpg.rf.31b81e5f0591f134423242e32b25b21a.jpg,1920,1080,mug,1209,418,1402,638
3e582b2d-550f-4bed-9524-fac92db3adf3_jpg.rf.31b81e5f0591f134423242e32b25b21a.jpg,1920,1080,takeout_hot,1224,637,1407,800
3e582b2d-550f-4bed-9524-fac92db3adf3_jpg.rf.31b81e5f0591f134423242e32b25b21a.jpg,1920,1080,croissant,959,288,1145,505
3e582b2d-550f-4bed-9524-fac92db3adf3_jpg.rf.31b81e5f0591f134423242e32b25b21a.jpg,1920,1080,muffin,681,246,845,409
3e582b2d-550f-4bed-9524-fac92db3adf3_jpg.rf.31b81e5f0591f134423242e32b25b21a.jpg,1920,1080,bagel,952,603,1149,807
3e582b2d-550f-4bed-9524-fac92db3adf3_jpg.rf.31b81e5f0591f134423242e32b25b21a.jpg,1920,1080,macaron,694,627,824,776
3e582b2d-550f-4bed-9524-fac92db3adf3_jpg.rf.31b81e5f0591f134423242e32b25b21a.jpg,1920,1080,scone,428,437,614,601
197cd04f-458f-4ca4-b9e0-4faad24c5cc4_jpg.rf.24f4e818f4dc6b16a396de8f73fee7cb.jpg,1920,1080,tray,604,239,1212,849
197cd04f-458f-4ca4-b9e0-4faad24c5cc4_jpg.rf.24f4e818f4dc6b16a396de8f73fee7cb.jpg,1920,1080,takeout_hot,782,413,939,566
1db3ca9c-b1f0-4db2-b0af-ed16a99a4e88_jpg.rf.2f39e79f9cd7209a25754ad0a9465de3.jpg,1920,1080,takeout_ice,1226,497,1396,666
1db3ca9c-b1f0-4db2-b0af-ed16a99a4e88_jpg.rf.2f39e79f9cd7209a25754ad0a9465de3.jpg,1920,1080,tumbler,1210,189,1464,406
1db3ca9c-b1f0-4db2-b0af-ed16a99a4e88_jpg.rf.2f39e79f9cd7209a25754ad0a9465de3.jpg,1920,1080,fruit_cake,459,236,594,400
1db3ca9c-b1f0-4db2-b0af-ed16a99a4e88_jpg.rf.2f39e79f9cd7209a25754ad0a9465de3.jpg,1920,1080,cheese_cake,644,460,823,567
1db3ca9c-b1f0-4db2-b0af-ed16a99a4e88_jpg.rf.2f39e79f9cd7209a25754ad0a9465de3.jpg,1920,1080,square_sandwich,932,543,1215,841
1db3ca9c-b1f0-4db2-b0af-ed16a99a4e88_jpg.rf.2f39e79f9cd7209a25754ad0a9465de3.jpg,1920,1080,triangle_sandwich,925,205,1168,456
1db3ca9c-b1f0-4db2-b0af-ed16a99a4e88_jpg.rf.2f39e79f9cd7209a25754ad0a9465de3.jpg,1920,1080,tray,895,151,1375,885
1db3ca9c-b1f0-4db2-b0af-ed16a99a4e88_jpg.rf.2f39e79f9cd7209a25754ad0a9465de3.jpg,1920,1080,tray,385,137,895,897
1db3ca9c-b1f0-4db2-b0af-ed16a99a4e88_jpg.rf.2f39e79f9cd7209a25754ad0a9465de3.jpg,1920,1080,tiramisu,458,656,612,797
1be79492-5c7a-4715-bcc5-6e70aaa37860_jpg.rf.1a653ec926d706e9f36552e9ea69a61b.jpg,1920,1080,square_sandwich,796,120,1049,380
1be79492-5c7a-4715-bcc5-6e70aaa37860_jpg.rf.1a653ec926d706e9f36552e9ea69a61b.jpg,1920,1080,triangle_sandwich,1094,345,1273,614
1be79492-5c7a-4715-bcc5-6e70aaa37860_jpg.rf.1a653ec926d706e9f36552e9ea69a61b.jpg,1920,1080,cheese_cake,535,236,719,353
1be79492-5c7a-4715-bcc5-6e70aaa37860_jpg.rf.1a653ec926d706e9f36552e9ea69a61b.jpg,1920,1080,fruit_cake,609,471,792,645
1be79492-5c7a-4715-bcc5-6e70aaa37860_jpg.rf.1a653ec926d706e9f36552e9ea69a61b.jpg,1920,1080,tiramisu,840,664,991,813
1be79492-5c7a-4715-bcc5-6e70aaa37860_jpg.rf.1a653ec926d706e9f36552e9ea69a61b.jpg,1920,1080,mug,1085,715,1262,948
1be79492-5c7a-4715-bcc5-6e70aaa37860_jpg.rf.1a653ec926d706e9f36552e9ea69a61b.jpg,1920,1080,takeout_hot,1236,596,1418,759
1be79492-5c7a-4715-bcc5-6e70aaa37860_jpg.rf.1a653ec926d706e9f36552e9ea69a61b.jpg,1920,1080,tray,721,283,1475,1066
1be79492-5c7a-4715-bcc5-6e70aaa37860_jpg.rf.1a653ec926d706e9f36552e9ea69a61b.jpg,1920,1080,tray,332,0,986,739
ab445b97-e284-4e9e-be7f-3c8f91e22d37_jpg.rf.34d4a39b84f448e4aa50e287bc5eefef.jpg,1920,1080,tumbler,880,595,1118,791
ab445b97-e284-4e9e-be7f-3c8f91e22d37_jpg.rf.34d4a39b84f448e4aa50e287bc5eefef.jpg,1920,1080,takeout_ice,1031,464,1191,631
ab445b97-e284-4e9e-be7f-3c8f91e22d37_jpg.rf.34d4a39b84f448e4aa50e287bc5eefef.jpg,1920,1080,cheese_cake,820,324,925,472
ab445b97-e284-4e9e-be7f-3c8f91e22d37_jpg.rf.34d4a39b84f448e4aa50e287bc5eefef.jpg,1920,1080,fruit_cake,992,281,1112,422
ab445b97-e284-4e9e-be7f-3c8f91e22d37_jpg.rf.34d4a39b84f448e4aa50e287bc5eefef.jpg,1920,1080,tiramisu,1166,680,1293,871
ab445b97-e284-4e9e-be7f-3c8f91e22d37_jpg.rf.34d4a39b84f448e4aa50e287bc5eefef.jpg,1920,1080,triangle_sandwich,806,476,997,649
ab445b97-e284-4e9e-be7f-3c8f91e22d37_jpg.rf.34d4a39b84f448e4aa50e287bc5eefef.jpg,1920,1080,square_sandwich,1226,370,1491,553
ab445b97-e284-4e9e-be7f-3c8f91e22d37_jpg.rf.34d4a39b84f448e4aa50e287bc5eefef.jpg,1920,1080,tray,677,187,1205,750
ab445b97-e284-4e9e-be7f-3c8f91e22d37_jpg.rf.34d4a39b84f448e4aa50e287bc5eefef.jpg,1920,1080,tray,958,281,1611,971
107fbb4e-2532-4a7c-9627-4a3be79a4011_jpg.rf.33d008ae93ff715ec4aad758217044cc.jpg,1920,1080,mug,866,227,1065,406
107fbb4e-2532-4a7c-9627-4a3be79a4011_jpg.rf.33d008ae93ff715ec4aad758217044cc.jpg,1920,1080,square_sandwich,640,16,936,305
107fbb4e-2532-4a7c-9627-4a3be79a4011_jpg.rf.33d008ae93ff715ec4aad758217044cc.jpg,1920,1080,triangle_sandwich,414,247,704,452
107fbb4e-2532-4a7c-9627-4a3be79a4011_jpg.rf.33d008ae93ff715ec4aad758217044cc.jpg,1920,1080,takeout_hot,719,351,889,520
107fbb4e-2532-4a7c-9627-4a3be79a4011_jpg.rf.33d008ae93ff715ec4aad758217044cc.jpg,1920,1080,tiramisu,1093,349,1230,487
107fbb4e-2532-4a7c-9627-4a3be79a4011_jpg.rf.33d008ae93ff715ec4aad758217044cc.jpg,1920,1080,cheese_cake,1126,622,1268,823
107fbb4e-2532-4a7c-9627-4a3be79a4011_jpg.rf.33d008ae93ff715ec4aad758217044cc.jpg,1920,1080,fruit_cake,885,648,1009,818
107fbb4e-2532-4a7c-9627-4a3be79a4011_jpg.rf.33d008ae93ff715ec4aad758217044cc.jpg,1920,1080,tray,338,0,1131,727
107fbb4e-2532-4a7c-9627-4a3be79a4011_jpg.rf.33d008ae93ff715ec4aad758217044cc.jpg,1920,1080,tray,711,282,1475,1064
34b7041c-c12f-42fb-9ced-bcb095724d47_jpg.rf.38f2a1e14441c4cfd7e0bba23bbac676.jpg,1920,1080,takeout_ice,1070,833,1239,1007
34b7041c-c12f-42fb-9ced-bcb095724d47_jpg.rf.38f2a1e14441c4cfd7e0bba23bbac676.jpg,1920,1080,tumbler,857,841,1057,1074
34b7041c-c12f-42fb-9ced-bcb095724d47_jpg.rf.38f2a1e14441c4cfd7e0bba23bbac676.jpg,1920,1080,bagel,704,134,887,318
34b7041c-c12f-42fb-9ced-bcb095724d47_jpg.rf.38f2a1e14441c4cfd7e0bba23bbac676.jpg,1920,1080,croissant,638,401,832,603
34b7041c-c12f-42fb-9ced-bcb095724d47_jpg.rf.38f2a1e14441c4cfd7e0bba23bbac676.jpg,1920,1080,macaron,919,588,1068,720
34b7041c-c12f-42fb-9ced-bcb095724d47_jpg.rf.38f2a1e14441c4cfd7e0bba23bbac676.jpg,1920,1080,muffin,1211,618,1361,773
34b7041c-c12f-42fb-9ced-bcb095724d47_jpg.rf.38f2a1e14441c4cfd7e0bba23bbac676.jpg,1920,1080,scone,983,203,1154,361
34b7041c-c12f-42fb-9ced-bcb095724d47_jpg.rf.38f2a1e14441c4cfd7e0bba23bbac676.jpg,1920,1080,tray,426,0,1223,676
34b7041c-c12f-42fb-9ced-bcb095724d47_jpg.rf.38f2a1e14441c4cfd7e0bba23bbac676.jpg,1920,1080,tray,690,368,1470,1080
27cbf24c-d422-49f4-a677-927814e80e33_jpg.rf.3e2850c5ede4e250f86ed147026a5b67.jpg,1920,1080,square_sandwich,853,356,1022,587
27cbf24c-d422-49f4-a677-927814e80e33_jpg.rf.3e2850c5ede4e250f86ed147026a5b67.jpg,1920,1080,fruit_cake,1051,345,1235,476
27cbf24c-d422-49f4-a677-927814e80e33_jpg.rf.3e2850c5ede4e250f86ed147026a5b67.jpg,1920,1080,triangle_sandwich,954,548,1149,711
27cbf24c-d422-49f4-a677-927814e80e33_jpg.rf.3e2850c5ede4e250f86ed147026a5b67.jpg,1920,1080,mug,1165,568,1319,720
27cbf24c-d422-49f4-a677-927814e80e33_jpg.rf.3e2850c5ede4e250f86ed147026a5b67.jpg,1920,1080,tiramisu,1222,689,1355,777
27cbf24c-d422-49f4-a677-927814e80e33_jpg.rf.3e2850c5ede4e250f86ed147026a5b67.jpg,1920,1080,takeout_hot,1223,449,1382,565
27cbf24c-d422-49f4-a677-927814e80e33_jpg.rf.3e2850c5ede4e250f86ed147026a5b67.jpg,1920,1080,cheese_cake,1344,485,1414,615
27cbf24c-d422-49f4-a677-927814e80e33_jpg.rf.3e2850c5ede4e250f86ed147026a5b67.jpg,1920,1080,tray,1069,340,1487,855
27cbf24c-d422-49f4-a677-927814e80e33_jpg.rf.3e2850c5ede4e250f86ed147026a5b67.jpg,1920,1080,tray,743,176,1248,778
564797b5-155a-4857-891a-eb35b34d4c68_jpg.rf.3f3cce00475210d1275425eebe906d59.jpg,1920,1080,bagel,474,266,686,476
564797b5-155a-4857-891a-eb35b34d4c68_jpg.rf.3f3cce00475210d1275425eebe906d59.jpg,1920,1080,macaron,622,546,788,695
564797b5-155a-4857-891a-eb35b34d4c68_jpg.rf.3f3cce00475210d1275425eebe906d59.jpg,1920,1080,croissant,1067,281,1203,551
564797b5-155a-4857-891a-eb35b34d4c68_jpg.rf.3f3cce00475210d1275425eebe906d59.jpg,1920,1080,muffin,923,666,1081,827
564797b5-155a-4857-891a-eb35b34d4c68_jpg.rf.3f3cce00475210d1275425eebe906d59.jpg,1920,1080,scone,774,205,940,364
564797b5-155a-4857-891a-eb35b34d4c68_jpg.rf.3f3cce00475210d1275425eebe906d59.jpg,1920,1080,takeout_hot,1246,486,1432,651
564797b5-155a-4857-891a-eb35b34d4c68_jpg.rf.3f3cce00475210d1275425eebe906d59.jpg,1920,1080,mug,1136,639,1329,851
564797b5-155a-4857-891a-eb35b34d4c68_jpg.rf.3f3cce00475210d1275425eebe906d59.jpg,1920,1080,tray,787,228,1475,1009
564797b5-155a-4857-891a-eb35b34d4c68_jpg.rf.3f3cce00475210d1275425eebe906d59.jpg,1920,1080,tray,315,16,1043,815
d547a2b0-d09f-478c-875a-8f008e176f04_jpg.rf.5f2e2b70ffd6fce350b62abc1ef965b6.jpg,1920,1080,takeout_ice,792,324,959,495
d547a2b0-d09f-478c-875a-8f008e176f04_jpg.rf.5f2e2b70ffd6fce350b62abc1ef965b6.jpg,1920,1080,tumbler,992,243,1192,453
d547a2b0-d09f-478c-875a-8f008e176f04_jpg.rf.5f2e2b70ffd6fce350b62abc1ef965b6.jpg,1920,1080,fruit_cake,884,92,1071,281
d547a2b0-d09f-478c-875a-8f008e176f04_jpg.rf.5f2e2b70ffd6fce350b62abc1ef965b6.jpg,1920,1080,square_sandwich,917,537,1175,796
d547a2b0-d09f-478c-875a-8f008e176f04_jpg.rf.5f2e2b70ffd6fce350b62abc1ef965b6.jpg,1920,1080,triangle_sandwich,593,565,838,790
d547a2b0-d09f-478c-875a-8f008e176f04_jpg.rf.5f2e2b70ffd6fce350b62abc1ef965b6.jpg,1920,1080,tray,464,27,1211,523
d547a2b0-d09f-478c-875a-8f008e176f04_jpg.rf.5f2e2b70ffd6fce350b62abc1ef965b6.jpg,1920,1080,tray,491,506,1240,1031
d547a2b0-d09f-478c-875a-8f008e176f04_jpg.rf.5f2e2b70ffd6fce350b62abc1ef965b6.jpg,1920,1080,cheese_cake,637,139,751,323
d547a2b0-d09f-478c-875a-8f008e176f04_jpg.rf.5f2e2b70ffd6fce350b62abc1ef965b6.jpg,1920,1080,tiramisu,795,794,964,992
9c90dc50-74bd-4eb6-ad0d-17f4ca0791a2_jpg.rf.3228f02e0fdda79959dcc180b22c7d9f.jpg,1920,1080,tiramisu,777,366,916,520
9c90dc50-74bd-4eb6-ad0d-17f4ca0791a2_jpg.rf.3228f02e0fdda79959dcc180b22c7d9f.jpg,1920,1080,cheese_cake,982,246,1073,390
9c90dc50-74bd-4eb6-ad0d-17f4ca0791a2_jpg.rf.3228f02e0fdda79959dcc180b22c7d9f.jpg,1920,1080,triangle_sandwich,834,483,1012,694
9c90dc50-74bd-4eb6-ad0d-17f4ca0791a2_jpg.rf.3228f02e0fdda79959dcc180b22c7d9f.jpg,1920,1080,fruit_cake,1067,594,1250,738
9c90dc50-74bd-4eb6-ad0d-17f4ca0791a2_jpg.rf.3228f02e0fdda79959dcc180b22c7d9f.jpg,1920,1080,takeout_hot,1277,537,1438,710
9c90dc50-74bd-4eb6-ad0d-17f4ca0791a2_jpg.rf.3228f02e0fdda79959dcc180b22c7d9f.jpg,1920,1080,mug,1317,349,1481,555
9c90dc50-74bd-4eb6-ad0d-17f4ca0791a2_jpg.rf.3228f02e0fdda79959dcc180b22c7d9f.jpg,1920,1080,square_sandwich,1149,276,1342,496
9c90dc50-74bd-4eb6-ad0d-17f4ca0791a2_jpg.rf.3228f02e0fdda79959dcc180b22c7d9f.jpg,1920,1080,tray,1007,233,1588,882
9c90dc50-74bd-4eb6-ad0d-17f4ca0791a2_jpg.rf.3228f02e0fdda79959dcc180b22c7d9f.jpg,1920,1080,tray,689,197,1174,751
9c427eb8-b874-4189-850a-7343efe6b006_jpg.rf.43365fba65eae4bbaa1bd7b96bcc6568.jpg,1920,1080,cheese_cake,872,277,1010,374
9c427eb8-b874-4189-850a-7343efe6b006_jpg.rf.43365fba65eae4bbaa1bd7b96bcc6568.jpg,1920,1080,triangle_sandwich,1004,227,1203,396
9c427eb8-b874-4189-850a-7343efe6b006_jpg.rf.43365fba65eae4bbaa1bd7b96bcc6568.jpg,1920,1080,fruit_cake,885,430,984,557
9c427eb8-b874-4189-850a-7343efe6b006_jpg.rf.43365fba65eae4bbaa1bd7b96bcc6568.jpg,1920,1080,mug,952,527,1118,730
9c427eb8-b874-4189-850a-7343efe6b006_jpg.rf.43365fba65eae4bbaa1bd7b96bcc6568.jpg,1920,1080,takeout_hot,1080,391,1235,558
9c427eb8-b874-4189-850a-7343efe6b006_jpg.rf.43365fba65eae4bbaa1bd7b96bcc6568.jpg,1920,1080,tiramisu,1039,734,1226,845
9c427eb8-b874-4189-850a-7343efe6b006_jpg.rf.43365fba65eae4bbaa1bd7b96bcc6568.jpg,1920,1080,square_sandwich,1234,483,1469,731
9c427eb8-b874-4189-850a-7343efe6b006_jpg.rf.43365fba65eae4bbaa1bd7b96bcc6568.jpg,1920,1080,tray,718,124,1285,667
9c427eb8-b874-4189-850a-7343efe6b006_jpg.rf.43365fba65eae4bbaa1bd7b96bcc6568.jpg,1920,1080,tray,888,336,1585,1001
e3896481-b16e-47a7-ae6a-7b165aef6d50_jpg.rf.48f36c4cde6514980ef554b63d0c3b68.jpg,1920,1080,croissant,1069,291,1221,434
e3896481-b16e-47a7-ae6a-7b165aef6d50_jpg.rf.48f36c4cde6514980ef554b63d0c3b68.jpg,1920,1080,scone,1334,432,1427,549
e3896481-b16e-47a7-ae6a-7b165aef6d50_jpg.rf.48f36c4cde6514980ef554b63d0c3b68.jpg,1920,1080,bagel,883,344,1026,490
e3896481-b16e-47a7-ae6a-7b165aef6d50_jpg.rf.48f36c4cde6514980ef554b63d0c3b68.jpg,1920,1080,muffin,1005,562,1110,663
e3896481-b16e-47a7-ae6a-7b165aef6d50_jpg.rf.48f36c4cde6514980ef554b63d0c3b68.jpg,1920,1080,takeout_hot,1216,464,1371,579
e3896481-b16e-47a7-ae6a-7b165aef6d50_jpg.rf.48f36c4cde6514980ef554b63d0c3b68.jpg,1920,1080,mug,1145,530,1299,695
e3896481-b16e-47a7-ae6a-7b165aef6d50_jpg.rf.48f36c4cde6514980ef554b63d0c3b68.jpg,1920,1080,macaron,1244,648,1346,756
e3896481-b16e-47a7-ae6a-7b165aef6d50_jpg.rf.48f36c4cde6514980ef554b63d0c3b68.jpg,1920,1080,tray,1073,320,1500,839
e3896481-b16e-47a7-ae6a-7b165aef6d50_jpg.rf.48f36c4cde6514980ef554b63d0c3b68.jpg,1920,1080,tray,755,136,1272,744
58389b4a-5640-4ae7-8bc1-e87c6bffae7a_jpg.rf.576e3dc6a1933e7ea0be54c272ed31e5.jpg,1920,1080,takeout_ice,967,535,1112,672
58389b4a-5640-4ae7-8bc1-e87c6bffae7a_jpg.rf.576e3dc6a1933e7ea0be54c272ed31e5.jpg,1920,1080,fruit_cake,1220,661,1318,782
58389b4a-5640-4ae7-8bc1-e87c6bffae7a_jpg.rf.576e3dc6a1933e7ea0be54c272ed31e5.jpg,1920,1080,tiramisu,1281,480,1352,589
58389b4a-5640-4ae7-8bc1-e87c6bffae7a_jpg.rf.576e3dc6a1933e7ea0be54c272ed31e5.jpg,1920,1080,tray,747,93,1314,680
58389b4a-5640-4ae7-8bc1-e87c6bffae7a_jpg.rf.576e3dc6a1933e7ea0be54c272ed31e5.jpg,1920,1080,tray,970,402,1444,909
58389b4a-5640-4ae7-8bc1-e87c6bffae7a_jpg.rf.576e3dc6a1933e7ea0be54c272ed31e5.jpg,1920,1080,triangle_sandwich,1012,608,1143,806
58389b4a-5640-4ae7-8bc1-e87c6bffae7a_jpg.rf.576e3dc6a1933e7ea0be54c272ed31e5.jpg,1920,1080,tumbler,1096,415,1301,576
58389b4a-5640-4ae7-8bc1-e87c6bffae7a_jpg.rf.576e3dc6a1933e7ea0be54c272ed31e5.jpg,1920,1080,cheese_cake,1064,211,1203,332
58389b4a-5640-4ae7-8bc1-e87c6bffae7a_jpg.rf.576e3dc6a1933e7ea0be54c272ed31e5.jpg,1920,1080,square_sandwich,840,325,1050,517
06e8aff8-ec7f-42b5-b87c-a95aab38231b_jpg.rf.5ea13d869a6e1804f425b928006f062d.jpg,1920,1080,takeout_hot,1310,534,1471,707
06e8aff8-ec7f-42b5-b87c-a95aab38231b_jpg.rf.5ea13d869a6e1804f425b928006f062d.jpg,1920,1080,mug,1364,342,1526,550
06e8aff8-ec7f-42b5-b87c-a95aab38231b_jpg.rf.5ea13d869a6e1804f425b928006f062d.jpg,1920,1080,square_sandwich,1052,560,1279,791
06e8aff8-ec7f-42b5-b87c-a95aab38231b_jpg.rf.5ea13d869a6e1804f425b928006f062d.jpg,1920,1080,triangle_sandwich,1140,351,1376,529
06e8aff8-ec7f-42b5-b87c-a95aab38231b_jpg.rf.5ea13d869a6e1804f425b928006f062d.jpg,1920,1080,fruit_cake,981,305,1116,412
06e8aff8-ec7f-42b5-b87c-a95aab38231b_jpg.rf.5ea13d869a6e1804f425b928006f062d.jpg,1920,1080,cheese_cake,807,366,894,508
06e8aff8-ec7f-42b5-b87c-a95aab38231b_jpg.rf.5ea13d869a6e1804f425b928006f062d.jpg,1920,1080,tray,1008,261,1590,917
06e8aff8-ec7f-42b5-b87c-a95aab38231b_jpg.rf.5ea13d869a6e1804f425b928006f062d.jpg,1920,1080,tiramisu,846,574,1011,711
06e8aff8-ec7f-42b5-b87c-a95aab38231b_jpg.rf.5ea13d869a6e1804f425b928006f062d.jpg,1920,1080,tray,684,226,1173,782
cc1c230d-469a-43a8-982d-a2f28543a6c2_jpg.rf.3f361aee46b1d7a4df1aba539b6d4b65.jpg,1920,1080,takeout_ice,1200,694,1370,859
cc1c230d-469a-43a8-982d-a2f28543a6c2_jpg.rf.3f361aee46b1d7a4df1aba539b6d4b65.jpg,1920,1080,cheese_cake,875,393,1006,495
cc1c230d-469a-43a8-982d-a2f28543a6c2_jpg.rf.3f361aee46b1d7a4df1aba539b6d4b65.jpg,1920,1080,fruit_cake,1147,523,1266,675
cc1c230d-469a-43a8-982d-a2f28543a6c2_jpg.rf.3f361aee46b1d7a4df1aba539b6d4b65.jpg,1920,1080,tiramisu,1155,320,1296,450
cc1c230d-469a-43a8-982d-a2f28543a6c2_jpg.rf.3f361aee46b1d7a4df1aba539b6d4b65.jpg,1920,1080,triangle_sandwich,991,177,1148,371
cc1c230d-469a-43a8-982d-a2f28543a6c2_jpg.rf.3f361aee46b1d7a4df1aba539b6d4b65.jpg,1920,1080,tray,816,126,1382,567
cc1c230d-469a-43a8-982d-a2f28543a6c2_jpg.rf.3f361aee46b1d7a4df1aba539b6d4b65.jpg,1920,1080,tray,810,471,1454,965
cc1c230d-469a-43a8-982d-a2f28543a6c2_jpg.rf.3f361aee46b1d7a4df1aba539b6d4b65.jpg,1920,1080,tumbler,937,656,1165,872
cc1c230d-469a-43a8-982d-a2f28543a6c2_jpg.rf.3f361aee46b1d7a4df1aba539b6d4b65.jpg,1920,1080,square_sandwich,863,570,1024,794
49a73ac1-1fa3-469e-8ef3-f4bfc9584281_jpg.rf.6f102448aedbddd794a114f38612f58c.jpg,1920,1080,triangle_sandwich,1187,649,1366,910
49a73ac1-1fa3-469e-8ef3-f4bfc9584281_jpg.rf.6f102448aedbddd794a114f38612f58c.jpg,1920,1080,takeout_hot,1060,394,1214,557
49a73ac1-1fa3-469e-8ef3-f4bfc9584281_jpg.rf.6f102448aedbddd794a114f38612f58c.jpg,1920,1080,square_sandwich,1254,364,1480,593
49a73ac1-1fa3-469e-8ef3-f4bfc9584281_jpg.rf.6f102448aedbddd794a114f38612f58c.jpg,1920,1080,cheese_cake,783,409,884,551
49a73ac1-1fa3-469e-8ef3-f4bfc9584281_jpg.rf.6f102448aedbddd794a114f38612f58c.jpg,1920,1080,fruit_cake,907,296,1070,433
49a73ac1-1fa3-469e-8ef3-f4bfc9584281_jpg.rf.6f102448aedbddd794a114f38612f58c.jpg,1920,1080,tiramisu,849,554,970,681
49a73ac1-1fa3-469e-8ef3-f4bfc9584281_jpg.rf.6f102448aedbddd794a114f38612f58c.jpg,1920,1080,mug,993,554,1163,744
49a73ac1-1fa3-469e-8ef3-f4bfc9584281_jpg.rf.6f102448aedbddd794a114f38612f58c.jpg,1920,1080,tray,659,228,1160,790
49a73ac1-1fa3-469e-8ef3-f4bfc9584281_jpg.rf.6f102448aedbddd794a114f38612f58c.jpg,1920,1080,tray,962,282,1570,947
3d4c5d77-4318-4a43-86b4-f5baf0301de7_jpg.rf.50265b5627097f35d1eecd3d9d98830e.jpg,1920,1080,mug,752,225,908,447
3d4c5d77-4318-4a43-86b4-f5baf0301de7_jpg.rf.50265b5627097f35d1eecd3d9d98830e.jpg,1920,1080,triangle_sandwich,476,553,754,762
3d4c5d77-4318-4a43-86b4-f5baf0301de7_jpg.rf.50265b5627097f35d1eecd3d9d98830e.jpg,1920,1080,tiramisu,989,233,1146,325
3d4c5d77-4318-4a43-86b4-f5baf0301de7_jpg.rf.50265b5627097f35d1eecd3d9d98830e.jpg,1920,1080,square_sandwich,506,220,698,496
3d4c5d77-4318-4a43-86b4-f5baf0301de7_jpg.rf.50265b5627097f35d1eecd3d9d98830e.jpg,1920,1080,fruit_cake,1024,577,1176,734
3d4c5d77-4318-4a43-86b4-f5baf0301de7_jpg.rf.50265b5627097f35d1eecd3d9d98830e.jpg,1920,1080,takeout_hot,738,462,910,631
3d4c5d77-4318-4a43-86b4-f5baf0301de7_jpg.rf.50265b5627097f35d1eecd3d9d98830e.jpg,1920,1080,cheese_cake,1194,388,1404,506
3d4c5d77-4318-4a43-86b4-f5baf0301de7_jpg.rf.50265b5627097f35d1eecd3d9d98830e.jpg,1920,1080,tray,439,136,950,889
3d4c5d77-4318-4a43-86b4-f5baf0301de7_jpg.rf.50265b5627097f35d1eecd3d9d98830e.jpg,1920,1080,tray,941,142,1427,873
ed1b6997-66f8-4e19-99f6-2f06eb86f8b8_jpg.rf.552571c0821ab542f238ff8e0319ff91.jpg,1920,1080,takeout_ice,1104,759,1224,897
ed1b6997-66f8-4e19-99f6-2f06eb86f8b8_jpg.rf.552571c0821ab542f238ff8e0319ff91.jpg,1920,1080,tumbler,966,705,1169,902
ed1b6997-66f8-4e19-99f6-2f06eb86f8b8_jpg.rf.552571c0821ab542f238ff8e0319ff91.jpg,1920,1080,bagel,1138,212,1267,350
ed1b6997-66f8-4e19-99f6-2f06eb86f8b8_jpg.rf.552571c0821ab542f238ff8e0319ff91.jpg,1920,1080,croissant,1242,376,1354,515
ed1b6997-66f8-4e19-99f6-2f06eb86f8b8_jpg.rf.552571c0821ab542f238ff8e0319ff91.jpg,1920,1080,macaron,1095,562,1196,672
ed1b6997-66f8-4e19-99f6-2f06eb86f8b8_jpg.rf.552571c0821ab542f238ff8e0319ff91.jpg,1920,1080,muffin,1001,379,1110,486
ed1b6997-66f8-4e19-99f6-2f06eb86f8b8_jpg.rf.552571c0821ab542f238ff8e0319ff91.jpg,1920,1080,scone,1184,655,1287,754
ed1b6997-66f8-4e19-99f6-2f06eb86f8b8_jpg.rf.552571c0821ab542f238ff8e0319ff91.jpg,1920,1080,tray,923,136,1415,534
ed1b6997-66f8-4e19-99f6-2f06eb86f8b8_jpg.rf.552571c0821ab542f238ff8e0319ff91.jpg,1920,1080,tray,919,518,1380,876
1fa05f33-42a9-4a9c-974a-19a01646f3e3_jpg.rf.78571d7f70bd0cdaadf5d0b36a669f29.jpg,1920,1080,triangle_sandwich,797,754,1054,1005
1fa05f33-42a9-4a9c-974a-19a01646f3e3_jpg.rf.78571d7f70bd0cdaadf5d0b36a669f29.jpg,1920,1080,square_sandwich,971,541,1245,744
1fa05f33-42a9-4a9c-974a-19a01646f3e3_jpg.rf.78571d7f70bd0cdaadf5d0b36a669f29.jpg,1920,1080,mug,950,307,1167,476
1fa05f33-42a9-4a9c-974a-19a01646f3e3_jpg.rf.78571d7f70bd0cdaadf5d0b36a669f29.jpg,1920,1080,fruit_cake,638,598,830,762
1fa05f33-42a9-4a9c-974a-19a01646f3e3_jpg.rf.78571d7f70bd0cdaadf5d0b36a669f29.jpg,1920,1080,tray,525,510,1281,1031
1fa05f33-42a9-4a9c-974a-19a01646f3e3_jpg.rf.78571d7f70bd0cdaadf5d0b36a669f29.jpg,1920,1080,cheese_cake,662,134,835,271
1fa05f33-42a9-4a9c-974a-19a01646f3e3_jpg.rf.78571d7f70bd0cdaadf5d0b36a669f29.jpg,1920,1080,tiramisu,973,67,1136,240
1fa05f33-42a9-4a9c-974a-19a01646f3e3_jpg.rf.78571d7f70bd0cdaadf5d0b36a669f29.jpg,1920,1080,takeout_hot,741,313,911,476
1fa05f33-42a9-4a9c-974a-19a01646f3e3_jpg.rf.78571d7f70bd0cdaadf5d0b36a669f29.jpg,1920,1080,tray,506,28,1249,523
7cfcaa3b-4b33-47ad-95c3-b6d6d6f32f53_jpg.rf.4d93b07a5eee913f8152d824e46c71e7.jpg,1920,1080,takeout_ice,1186,241,1354,413
7cfcaa3b-4b33-47ad-95c3-b6d6d6f32f53_jpg.rf.4d93b07a5eee913f8152d824e46c71e7.jpg,1920,1080,tumbler,1181,443,1409,634
7cfcaa3b-4b33-47ad-95c3-b6d6d6f32f53_jpg.rf.4d93b07a5eee913f8152d824e46c71e7.jpg,1920,1080,cheese_cake,689,622,846,820
7cfcaa3b-4b33-47ad-95c3-b6d6d6f32f53_jpg.rf.4d93b07a5eee913f8152d824e46c71e7.jpg,1920,1080,tiramisu,649,274,814,405
7cfcaa3b-4b33-47ad-95c3-b6d6d6f32f53_jpg.rf.4d93b07a5eee913f8152d824e46c71e7.jpg,1920,1080,square_sandwich,918,287,1181,527
7cfcaa3b-4b33-47ad-95c3-b6d6d6f32f53_jpg.rf.4d93b07a5eee913f8152d824e46c71e7.jpg,1920,1080,triangle_sandwich,433,399,662,626
7cfcaa3b-4b33-47ad-95c3-b6d6d6f32f53_jpg.rf.4d93b07a5eee913f8152d824e46c71e7.jpg,1920,1080,tray,369,151,889,911
7cfcaa3b-4b33-47ad-95c3-b6d6d6f32f53_jpg.rf.4d93b07a5eee913f8152d824e46c71e7.jpg,1920,1080,tray,874,144,1368,877
7cfcaa3b-4b33-47ad-95c3-b6d6d6f32f53_jpg.rf.4d93b07a5eee913f8152d824e46c71e7.jpg,1920,1080,fruit_cake,973,636,1170,773
039e5278-b5cf-43ef-993b-984410f65aac_jpg.rf.7f52f3aaa845eea6b6fd91a5d2f32f0f.jpg,1920,1080,tray,689,208,1302,793
039e5278-b5cf-43ef-993b-984410f65aac_jpg.rf.7f52f3aaa845eea6b6fd91a5d2f32f0f.jpg,1920,1080,croissant,856,455,1057,566
7044da83-9179-4fb5-b063-67cb024f6c69_jpg.rf.7b65115c4eb1aa9a381200a899e76962.jpg,1920,1080,bagel,1027,598,1161,743
7044da83-9179-4fb5-b063-67cb024f6c69_jpg.rf.7b65115c4eb1aa9a381200a899e76962.jpg,1920,1080,croissant,881,494,1028,649
7044da83-9179-4fb5-b063-67cb024f6c69_jpg.rf.7b65115c4eb1aa9a381200a899e76962.jpg,1920,1080,scone,1031,341,1150,464
7044da83-9179-4fb5-b063-67cb024f6c69_jpg.rf.7b65115c4eb1aa9a381200a899e76962.jpg,1920,1080,macaron,1330,356,1415,452
7044da83-9179-4fb5-b063-67cb024f6c69_jpg.rf.7b65115c4eb1aa9a381200a899e76962.jpg,1920,1080,muffin,1338,594,1446,688
7044da83-9179-4fb5-b063-67cb024f6c69_jpg.rf.7b65115c4eb1aa9a381200a899e76962.jpg,1920,1080,takeout_hot,1215,470,1370,586
7044da83-9179-4fb5-b063-67cb024f6c69_jpg.rf.7b65115c4eb1aa9a381200a899e76962.jpg,1920,1080,mug,1193,588,1344,740
7044da83-9179-4fb5-b063-67cb024f6c69_jpg.rf.7b65115c4eb1aa9a381200a899e76962.jpg,1920,1080,tray,1179,269,1488,775
7044da83-9179-4fb5-b063-67cb024f6c69_jpg.rf.7b65115c4eb1aa9a381200a899e76962.jpg,1920,1080,tray,844,262,1204,826
01f8d0ac-9f87-4ab0-93ce-e649adb7066d_jpg.rf.7b800f3bcc1dae21231b53f40603f0f8.jpg,1920,1080,tray,950,276,1579,952
01f8d0ac-9f87-4ab0-93ce-e649adb7066d_jpg.rf.7b800f3bcc1dae21231b53f40603f0f8.jpg,1920,1080,tray,658,203,1174,764
01f8d0ac-9f87-4ab0-93ce-e649adb7066d_jpg.rf.7b800f3bcc1dae21231b53f40603f0f8.jpg,1920,1080,takeout_ice,1282,480,1446,653
01f8d0ac-9f87-4ab0-93ce-e649adb7066d_jpg.rf.7b800f3bcc1dae21231b53f40603f0f8.jpg,1920,1080,square_sandwich,930,246,1114,470
01f8d0ac-9f87-4ab0-93ce-e649adb7066d_jpg.rf.7b800f3bcc1dae21231b53f40603f0f8.jpg,1920,1080,fruit_cake,992,623,1155,788
01f8d0ac-9f87-4ab0-93ce-e649adb7066d_jpg.rf.7b800f3bcc1dae21231b53f40603f0f8.jpg,1920,1080,cheese_cake,1155,386,1305,529
01f8d0ac-9f87-4ab0-93ce-e649adb7066d_jpg.rf.7b800f3bcc1dae21231b53f40603f0f8.jpg,1920,1080,tiramisu,757,393,878,473
01f8d0ac-9f87-4ab0-93ce-e649adb7066d_jpg.rf.7b800f3bcc1dae21231b53f40603f0f8.jpg,1920,1080,tumbler,1141,609,1366,832
01f8d0ac-9f87-4ab0-93ce-e649adb7066d_jpg.rf.7b800f3bcc1dae21231b53f40603f0f8.jpg,1920,1080,triangle_sandwich,793,477,964,680
d726a098-5e2c-477b-ab70-3bb229840c9a_jpg.rf.802972e55db9b5381ba7322e35f5294d.jpg,1920,1080,square_sandwich,1007,378,1190,669
d726a098-5e2c-477b-ab70-3bb229840c9a_jpg.rf.802972e55db9b5381ba7322e35f5294d.jpg,1920,1080,triangle_sandwich,1175,171,1386,442
d726a098-5e2c-477b-ab70-3bb229840c9a_jpg.rf.802972e55db9b5381ba7322e35f5294d.jpg,1920,1080,tiramisu,1261,571,1383,732
d726a098-5e2c-477b-ab70-3bb229840c9a_jpg.rf.802972e55db9b5381ba7322e35f5294d.jpg,1920,1080,fruit_cake,513,587,682,721
d726a098-5e2c-477b-ab70-3bb229840c9a_jpg.rf.802972e55db9b5381ba7322e35f5294d.jpg,1920,1080,cheese_cake,704,257,879,400
d726a098-5e2c-477b-ab70-3bb229840c9a_jpg.rf.802972e55db9b5381ba7322e35f5294d.jpg,1920,1080,takeout_hot,785,629,955,804
d726a098-5e2c-477b-ab70-3bb229840c9a_jpg.rf.802972e55db9b5381ba7322e35f5294d.jpg,1920,1080,mug,470,276,697,475
d726a098-5e2c-477b-ab70-3bb229840c9a_jpg.rf.802972e55db9b5381ba7322e35f5294d.jpg,1920,1080,tray,457,113,965,874
d726a098-5e2c-477b-ab70-3bb229840c9a_jpg.rf.802972e55db9b5381ba7322e35f5294d.jpg,1920,1080,tray,967,128,1441,860
23d3553f-eb51-4cb9-bfc8-40ad99d7ae2e_jpg.rf.897bb8dac38c25d3945135e9553831aa.jpg,1920,1080,scone,1290,522,1448,665
23d3553f-eb51-4cb9-bfc8-40ad99d7ae2e_jpg.rf.897bb8dac38c25d3945135e9553831aa.jpg,1920,1080,macaron,1177,358,1312,486
23d3553f-eb51-4cb9-bfc8-40ad99d7ae2e_jpg.rf.897bb8dac38c25d3945135e9553831aa.jpg,1920,1080,bagel,1044,619,1204,781
23d3553f-eb51-4cb9-bfc8-40ad99d7ae2e_jpg.rf.897bb8dac38c25d3945135e9553831aa.jpg,1920,1080,croissant,817,574,966,732
23d3553f-eb51-4cb9-bfc8-40ad99d7ae2e_jpg.rf.897bb8dac38c25d3945135e9553831aa.jpg,1920,1080,muffin,759,400,868,510
23d3553f-eb51-4cb9-bfc8-40ad99d7ae2e_jpg.rf.897bb8dac38c25d3945135e9553831aa.jpg,1920,1080,takeout_hot,923,317,1074,475
23d3553f-eb51-4cb9-bfc8-40ad99d7ae2e_jpg.rf.897bb8dac38c25d3945135e9553831aa.jpg,1920,1080,mug,843,242,985,404
23d3553f-eb51-4cb9-bfc8-40ad99d7ae2e_jpg.rf.897bb8dac38c25d3945135e9553831aa.jpg,1920,1080,tray,973,280,1563,941
23d3553f-eb51-4cb9-bfc8-40ad99d7ae2e_jpg.rf.897bb8dac38c25d3945135e9553831aa.jpg,1920,1080,tray,660,233,1153,793
792260c5-35d7-4bf2-91d9-0ea6094a5283_jpg.rf.66f5bb09f30bd76f9aa426f19560d9e2.jpg,1920,1080,tray,860,544,1339,895
792260c5-35d7-4bf2-91d9-0ea6094a5283_jpg.rf.66f5bb09f30bd76f9aa426f19560d9e2.jpg,1920,1080,tray,878,148,1384,544
792260c5-35d7-4bf2-91d9-0ea6094a5283_jpg.rf.66f5bb09f30bd76f9aa426f19560d9e2.jpg,1920,1080,takeout_ice,1096,188,1256,317
792260c5-35d7-4bf2-91d9-0ea6094a5283_jpg.rf.66f5bb09f30bd76f9aa426f19560d9e2.jpg,1920,1080,fruit_cake,959,582,1100,740
792260c5-35d7-4bf2-91d9-0ea6094a5283_jpg.rf.66f5bb09f30bd76f9aa426f19560d9e2.jpg,1920,1080,triangle_sandwich,968,327,1098,535
792260c5-35d7-4bf2-91d9-0ea6094a5283_jpg.rf.66f5bb09f30bd76f9aa426f19560d9e2.jpg,1920,1080,tiramisu,1203,372,1331,514
792260c5-35d7-4bf2-91d9-0ea6094a5283_jpg.rf.66f5bb09f30bd76f9aa426f19560d9e2.jpg,1920,1080,tumbler,1261,210,1454,367
792260c5-35d7-4bf2-91d9-0ea6094a5283_jpg.rf.66f5bb09f30bd76f9aa426f19560d9e2.jpg,1920,1080,square_sandwich,1151,596,1329,712
792260c5-35d7-4bf2-91d9-0ea6094a5283_jpg.rf.66f5bb09f30bd76f9aa426f19560d9e2.jpg,1920,1080,cheese_cake,1045,729,1133,863
fcac6dc6-128b-4b88-b522-90c530d9ac27_jpg.rf.78e493a270ef0fedf658afd1918b3f76.jpg,1920,1080,takeout_hot,1352,546,1510,660
fcac6dc6-128b-4b88-b522-90c530d9ac27_jpg.rf.78e493a270ef0fedf658afd1918b3f76.jpg,1920,1080,mug,1367,357,1524,511
fcac6dc6-128b-4b88-b522-90c530d9ac27_jpg.rf.78e493a270ef0fedf658afd1918b3f76.jpg,1920,1080,tiramisu,1209,420,1324,504
fcac6dc6-128b-4b88-b522-90c530d9ac27_jpg.rf.78e493a270ef0fedf658afd1918b3f76.jpg,1920,1080,square_sandwich,1006,306,1199,535
fcac6dc6-128b-4b88-b522-90c530d9ac27_jpg.rf.78e493a270ef0fedf658afd1918b3f76.jpg,1920,1080,cheese_cake,848,501,969,621
fcac6dc6-128b-4b88-b522-90c530d9ac27_jpg.rf.78e493a270ef0fedf658afd1918b3f76.jpg,1920,1080,triangle_sandwich,985,620,1145,788
fcac6dc6-128b-4b88-b522-90c530d9ac27_jpg.rf.78e493a270ef0fedf658afd1918b3f76.jpg,1920,1080,fruit_cake,1213,605,1364,743
fcac6dc6-128b-4b88-b522-90c530d9ac27_jpg.rf.78e493a270ef0fedf658afd1918b3f76.jpg,1920,1080,tray,797,261,1180,835
fcac6dc6-128b-4b88-b522-90c530d9ac27_jpg.rf.78e493a270ef0fedf658afd1918b3f76.jpg,1920,1080,tray,1136,287,1465,800
73d40d21-9fdb-4e78-8ffd-40ad1b78de05_jpg.rf.7345733f745e8c7536af38e91b2992bb.jpg,1920,1080,tray,727,263,1105,838
73d40d21-9fdb-4e78-8ffd-40ad1b78de05_jpg.rf.7345733f745e8c7536af38e91b2992bb.jpg,1920,1080,tray,1086,163,1571,790
73d40d21-9fdb-4e78-8ffd-40ad1b78de05_jpg.rf.7345733f745e8c7536af38e91b2992bb.jpg,1920,1080,croissant,1310,206,1434,415
73d40d21-9fdb-4e78-8ffd-40ad1b78de05_jpg.rf.7345733f745e8c7536af38e91b2992bb.jpg,1920,1080,bagel,927,307,1063,445
73d40d21-9fdb-4e78-8ffd-40ad1b78de05_jpg.rf.7345733f745e8c7536af38e91b2992bb.jpg,1920,1080,macaron,936,603,1030,711
73d40d21-9fdb-4e78-8ffd-40ad1b78de05_jpg.rf.7345733f745e8c7536af38e91b2992bb.jpg,1920,1080,tumbler,1181,484,1397,711
73d40d21-9fdb-4e78-8ffd-40ad1b78de05_jpg.rf.7345733f745e8c7536af38e91b2992bb.jpg,1920,1080,takeout_ice,1320,406,1483,581
73d40d21-9fdb-4e78-8ffd-40ad1b78de05_jpg.rf.7345733f745e8c7536af38e91b2992bb.jpg,1920,1080,scone,794,478,908,608
73d40d21-9fdb-4e78-8ffd-40ad1b78de05_jpg.rf.7345733f745e8c7536af38e91b2992bb.jpg,1920,1080,muffin,1141,435,1265,553
027ef95c-7d24-4ec3-b8e1-8ca28793fcff_jpg.rf.43a138c5ccbde3feac1fd40acd51e31a.jpg,1920,1080,takeout_ice,852,647,993,790
027ef95c-7d24-4ec3-b8e1-8ca28793fcff_jpg.rf.43a138c5ccbde3feac1fd40acd51e31a.jpg,1920,1080,square_sandwich,1164,573,1312,765
027ef95c-7d24-4ec3-b8e1-8ca28793fcff_jpg.rf.43a138c5ccbde3feac1fd40acd51e31a.jpg,1920,1080,tumbler,855,463,1061,631
027ef95c-7d24-4ec3-b8e1-8ca28793fcff_jpg.rf.43a138c5ccbde3feac1fd40acd51e31a.jpg,1920,1080,triangle_sandwich,1183,311,1331,495
027ef95c-7d24-4ec3-b8e1-8ca28793fcff_jpg.rf.43a138c5ccbde3feac1fd40acd51e31a.jpg,1920,1080,tray,789,268,1170,834
027ef95c-7d24-4ec3-b8e1-8ca28793fcff_jpg.rf.43a138c5ccbde3feac1fd40acd51e31a.jpg,1920,1080,tray,1125,287,1452,788
027ef95c-7d24-4ec3-b8e1-8ca28793fcff_jpg.rf.43a138c5ccbde3feac1fd40acd51e31a.jpg,1920,1080,fruit_cake,1005,621,1102,747
027ef95c-7d24-4ec3-b8e1-8ca28793fcff_jpg.rf.43a138c5ccbde3feac1fd40acd51e31a.jpg,1920,1080,cheese_cake,1305,510,1421,604
027ef95c-7d24-4ec3-b8e1-8ca28793fcff_jpg.rf.43a138c5ccbde3feac1fd40acd51e31a.jpg,1920,1080,tiramisu,1011,390,1138,515
1da166f7-f15a-406b-aed6-d0d45086a915_jpg.rf.8e0ff5ffab35ce6d6ffe553c57d8298c.jpg,1920,1080,mug,844,614,998,794
1da166f7-f15a-406b-aed6-d0d45086a915_jpg.rf.8e0ff5ffab35ce6d6ffe553c57d8298c.jpg,1920,1080,takeout_hot,845,441,997,575
1da166f7-f15a-406b-aed6-d0d45086a915_jpg.rf.8e0ff5ffab35ce6d6ffe553c57d8298c.jpg,1920,1080,fruit_cake,976,458,1104,554
1da166f7-f15a-406b-aed6-d0d45086a915_jpg.rf.8e0ff5ffab35ce6d6ffe553c57d8298c.jpg,1920,1080,triangle_sandwich,975,609,1163,765
1da166f7-f15a-406b-aed6-d0d45086a915_jpg.rf.8e0ff5ffab35ce6d6ffe553c57d8298c.jpg,1920,1080,cheese_cake,1165,673,1305,753
1da166f7-f15a-406b-aed6-d0d45086a915_jpg.rf.8e0ff5ffab35ce6d6ffe553c57d8298c.jpg,1920,1080,tiramisu,1309,536,1412,641
1da166f7-f15a-406b-aed6-d0d45086a915_jpg.rf.8e0ff5ffab35ce6d6ffe553c57d8298c.jpg,1920,1080,square_sandwich,1164,387,1335,548
1da166f7-f15a-406b-aed6-d0d45086a915_jpg.rf.8e0ff5ffab35ce6d6ffe553c57d8298c.jpg,1920,1080,tray,1131,317,1443,839
1da166f7-f15a-406b-aed6-d0d45086a915_jpg.rf.8e0ff5ffab35ce6d6ffe553c57d8298c.jpg,1920,1080,tray,784,314,1155,888
8659e1ae-a7ac-4dc7-b884-cf784fb6186e_jpg.rf.920ac79ea339ad3845e3e344d82e1357.jpg,1920,1080,tray,365,0,1174,743
8659e1ae-a7ac-4dc7-b884-cf784fb6186e_jpg.rf.920ac79ea339ad3845e3e344d82e1357.jpg,1920,1080,tray,669,384,1455,1079
8659e1ae-a7ac-4dc7-b884-cf784fb6186e_jpg.rf.920ac79ea339ad3845e3e344d82e1357.jpg,1920,1080,takeout_hot,768,10,935,203
8659e1ae-a7ac-4dc7-b884-cf784fb6186e_jpg.rf.920ac79ea339ad3845e3e344d82e1357.jpg,1920,1080,mug,576,134,792,325
8659e1ae-a7ac-4dc7-b884-cf784fb6186e_jpg.rf.920ac79ea339ad3845e3e344d82e1357.jpg,1920,1080,croissant,588,389,791,581
8659e1ae-a7ac-4dc7-b884-cf784fb6186e_jpg.rf.920ac79ea339ad3845e3e344d82e1357.jpg,1920,1080,macaron,890,266,1059,426
8659e1ae-a7ac-4dc7-b884-cf784fb6186e_jpg.rf.920ac79ea339ad3845e3e344d82e1357.jpg,1920,1080,bagel,744,678,934,868
8659e1ae-a7ac-4dc7-b884-cf784fb6186e_jpg.rf.920ac79ea339ad3845e3e344d82e1357.jpg,1920,1080,muffin,1091,499,1230,642
8659e1ae-a7ac-4dc7-b884-cf784fb6186e_jpg.rf.920ac79ea339ad3845e3e344d82e1357.jpg,1920,1080,scone,1021,761,1176,935
630fe452-c07b-4ae5-b4b7-616748ae4c6c_jpg.rf.8b93d0997dfa89d7a3ace8d2252a2aab.jpg,1920,1080,tiramisu,588,138,774,319
630fe452-c07b-4ae5-b4b7-616748ae4c6c_jpg.rf.8b93d0997dfa89d7a3ace8d2252a2aab.jpg,1920,1080,takeout_hot,731,484,899,653
630fe452-c07b-4ae5-b4b7-616748ae4c6c_jpg.rf.8b93d0997dfa89d7a3ace8d2252a2aab.jpg,1920,1080,fruit_cake,1062,402,1204,551
630fe452-c07b-4ae5-b4b7-616748ae4c6c_jpg.rf.8b93d0997dfa89d7a3ace8d2252a2aab.jpg,1920,1080,square_sandwich,471,369,675,670
630fe452-c07b-4ae5-b4b7-616748ae4c6c_jpg.rf.8b93d0997dfa89d7a3ace8d2252a2aab.jpg,1920,1080,mug,822,236,978,453
630fe452-c07b-4ae5-b4b7-616748ae4c6c_jpg.rf.8b93d0997dfa89d7a3ace8d2252a2aab.jpg,1920,1080,triangle_sandwich,917,660,1121,899
630fe452-c07b-4ae5-b4b7-616748ae4c6c_jpg.rf.8b93d0997dfa89d7a3ace8d2252a2aab.jpg,1920,1080,cheese_cake,1174,645,1365,756
630fe452-c07b-4ae5-b4b7-616748ae4c6c_jpg.rf.8b93d0997dfa89d7a3ace8d2252a2aab.jpg,1920,1080,tray,349,34,1063,819
630fe452-c07b-4ae5-b4b7-616748ae4c6c_jpg.rf.8b93d0997dfa89d7a3ace8d2252a2aab.jpg,1920,1080,tray,814,253,1486,1028
6049ae7c-262e-4225-a3ff-90a009abba99_jpg.rf.990c444db24b18fa449b7b7c935f0428.jpg,1920,1080,tray,404,0,1202,711
6049ae7c-262e-4225-a3ff-90a009abba99_jpg.rf.990c444db24b18fa449b7b7c935f0428.jpg,1920,1080,tray,703,369,1479,1071
6049ae7c-262e-4225-a3ff-90a009abba99_jpg.rf.990c444db24b18fa449b7b7c935f0428.jpg,1920,1080,takeout_ice,840,4,1012,193
6049ae7c-262e-4225-a3ff-90a009abba99_jpg.rf.990c444db24b18fa449b7b7c935f0428.jpg,1920,1080,square_sandwich,577,351,882,622
6049ae7c-262e-4225-a3ff-90a009abba99_jpg.rf.990c444db24b18fa449b7b7c935f0428.jpg,1920,1080,tumbler,625,76,823,313
6049ae7c-262e-4225-a3ff-90a009abba99_jpg.rf.990c444db24b18fa449b7b7c935f0428.jpg,1920,1080,triangle_sandwich,1098,429,1272,697
6049ae7c-262e-4225-a3ff-90a009abba99_jpg.rf.990c444db24b18fa449b7b7c935f0428.jpg,1920,1080,cheese_cake,941,220,1093,371
6049ae7c-262e-4225-a3ff-90a009abba99_jpg.rf.990c444db24b18fa449b7b7c935f0428.jpg,1920,1080,tiramisu,1074,762,1229,930
6049ae7c-262e-4225-a3ff-90a009abba99_jpg.rf.990c444db24b18fa449b7b7c935f0428.jpg,1920,1080,fruit_cake,812,665,947,873
09376152-a004-44ab-a3f8-9e24568f6744_jpg.rf.95dbbf586820921e809f0a14185f95a5.jpg,1920,1080,mug,1080,297,1246,480
09376152-a004-44ab-a3f8-9e24568f6744_jpg.rf.95dbbf586820921e809f0a14185f95a5.jpg,1920,1080,tiramisu,1125,152,1289,260
09376152-a004-44ab-a3f8-9e24568f6744_jpg.rf.95dbbf586820921e809f0a14185f95a5.jpg,1920,1080,square_sandwich,875,227,1072,386
09376152-a004-44ab-a3f8-9e24568f6744_jpg.rf.95dbbf586820921e809f0a14185f95a5.jpg,1920,1080,takeout_hot,971,289,1116,450
09376152-a004-44ab-a3f8-9e24568f6744_jpg.rf.95dbbf586820921e809f0a14185f95a5.jpg,1920,1080,triangle_sandwich,1143,502,1359,681
09376152-a004-44ab-a3f8-9e24568f6744_jpg.rf.95dbbf586820921e809f0a14185f95a5.jpg,1920,1080,cheese_cake,1009,727,1163,877
09376152-a004-44ab-a3f8-9e24568f6744_jpg.rf.95dbbf586820921e809f0a14185f95a5.jpg,1920,1080,fruit_cake,883,605,1019,730
09376152-a004-44ab-a3f8-9e24568f6744_jpg.rf.95dbbf586820921e809f0a14185f95a5.jpg,1920,1080,tray,826,123,1397,566
09376152-a004-44ab-a3f8-9e24568f6744_jpg.rf.95dbbf586820921e809f0a14185f95a5.jpg,1920,1080,tray,805,478,1447,965
99cab6c6-f5bc-41b7-92ec-d155398ce127_jpg.rf.9804b6c94316529887a68acf4884a697.jpg,1920,1080,takeout_ice,664,351,817,496
99cab6c6-f5bc-41b7-92ec-d155398ce127_jpg.rf.9804b6c94316529887a68acf4884a697.jpg,1920,1080,fruit_cake,988,249,1156,393
99cab6c6-f5bc-41b7-92ec-d155398ce127_jpg.rf.9804b6c94316529887a68acf4884a697.jpg,1920,1080,tumbler,729,174,935,392
99cab6c6-f5bc-41b7-92ec-d155398ce127_jpg.rf.9804b6c94316529887a68acf4884a697.jpg,1920,1080,cheese_cake,859,440,970,588
99cab6c6-f5bc-41b7-92ec-d155398ce127_jpg.rf.9804b6c94316529887a68acf4884a697.jpg,1920,1080,tiramisu,1161,648,1306,811
99cab6c6-f5bc-41b7-92ec-d155398ce127_jpg.rf.9804b6c94316529887a68acf4884a697.jpg,1920,1080,square_sandwich,925,589,1093,829
99cab6c6-f5bc-41b7-92ec-d155398ce127_jpg.rf.9804b6c94316529887a68acf4884a697.jpg,1920,1080,triangle_sandwich,1122,397,1365,593
99cab6c6-f5bc-41b7-92ec-d155398ce127_jpg.rf.9804b6c94316529887a68acf4884a697.jpg,1920,1080,tray,864,354,1557,1012
99cab6c6-f5bc-41b7-92ec-d155398ce127_jpg.rf.9804b6c94316529887a68acf4884a697.jpg,1920,1080,tray,686,146,1244,688
012e79e6-f3d7-41c9-9a4f-3f140e860f3d_jpg.rf.9744e295049ab6d364aae58ed8d3f3d5.jpg,1920,1080,takeout_ice,1035,448,1190,587
012e79e6-f3d7-41c9-9a4f-3f140e860f3d_jpg.rf.9744e295049ab6d364aae58ed8d3f3d5.jpg,1920,1080,cheese_cake,895,623,1036,769
012e79e6-f3d7-41c9-9a4f-3f140e860f3d_jpg.rf.9744e295049ab6d364aae58ed8d3f3d5.jpg,1920,1080,fruit_cake,1137,282,1285,406
012e79e6-f3d7-41c9-9a4f-3f140e860f3d_jpg.rf.9744e295049ab6d364aae58ed8d3f3d5.jpg,1920,1080,tiramisu,745,535,875,618
012e79e6-f3d7-41c9-9a4f-3f140e860f3d_jpg.rf.9744e295049ab6d364aae58ed8d3f3d5.jpg,1920,1080,square_sandwich,893,306,1042,508
012e79e6-f3d7-41c9-9a4f-3f140e860f3d_jpg.rf.9744e295049ab6d364aae58ed8d3f3d5.jpg,1920,1080,triangle_sandwich,1250,375,1461,609
012e79e6-f3d7-41c9-9a4f-3f140e860f3d_jpg.rf.9744e295049ab6d364aae58ed8d3f3d5.jpg,1920,1080,tray,714,283,1087,849
012e79e6-f3d7-41c9-9a4f-3f140e860f3d_jpg.rf.9744e295049ab6d364aae58ed8d3f3d5.jpg,1920,1080,tray,1087,199,1558,829
012e79e6-f3d7-41c9-9a4f-3f140e860f3d_jpg.rf.9744e295049ab6d364aae58ed8d3f3d5.jpg,1920,1080,tumbler,1047,565,1265,778
bc72c5ad-94a5-4c0d-86e6-f6c5b1d679aa_jpg.rf.8f610ede8ae66e0ed024a475dbaebf18.jpg,1920,1080,takeout_ice,1030,163,1194,300
bc72c5ad-94a5-4c0d-86e6-f6c5b1d679aa_jpg.rf.8f610ede8ae66e0ed024a475dbaebf18.jpg,1920,1080,fruit_cake,1001,570,1125,738
bc72c5ad-94a5-4c0d-86e6-f6c5b1d679aa_jpg.rf.8f610ede8ae66e0ed024a475dbaebf18.jpg,1920,1080,square_sandwich,1185,550,1353,711
bc72c5ad-94a5-4c0d-86e6-f6c5b1d679aa_jpg.rf.8f610ede8ae66e0ed024a475dbaebf18.jpg,1920,1080,triangle_sandwich,986,326,1190,480
bc72c5ad-94a5-4c0d-86e6-f6c5b1d679aa_jpg.rf.8f610ede8ae66e0ed024a475dbaebf18.jpg,1920,1080,tray,906,519,1371,896
bc72c5ad-94a5-4c0d-86e6-f6c5b1d679aa_jpg.rf.8f610ede8ae66e0ed024a475dbaebf18.jpg,1920,1080,tray,891,154,1395,553
bc72c5ad-94a5-4c0d-86e6-f6c5b1d679aa_jpg.rf.8f610ede8ae66e0ed024a475dbaebf18.jpg,1920,1080,tumbler,1184,196,1402,346
bc72c5ad-94a5-4c0d-86e6-f6c5b1d679aa_jpg.rf.8f610ede8ae66e0ed024a475dbaebf18.jpg,1920,1080,cheese_cake,1211,363,1309,497
bc72c5ad-94a5-4c0d-86e6-f6c5b1d679aa_jpg.rf.8f610ede8ae66e0ed024a475dbaebf18.jpg,1920,1080,tiramisu,1110,745,1220,832
d394ab64-8512-4343-90a0-c8d5f002f422_jpg.rf.91dd31b2449a2c70756ac573b1126e00.jpg,1920,1080,cheese_cake,926,320,1073,412
d394ab64-8512-4343-90a0-c8d5f002f422_jpg.rf.91dd31b2449a2c70756ac573b1126e00.jpg,1920,1080,fruit_cake,1043,466,1143,587
d394ab64-8512-4343-90a0-c8d5f002f422_jpg.rf.91dd31b2449a2c70756ac573b1126e00.jpg,1920,1080,tiramisu,814,563,949,643
d394ab64-8512-4343-90a0-c8d5f002f422_jpg.rf.91dd31b2449a2c70756ac573b1126e00.jpg,1920,1080,mug,1186,456,1342,619
d394ab64-8512-4343-90a0-c8d5f002f422_jpg.rf.91dd31b2449a2c70756ac573b1126e00.jpg,1920,1080,takeout_hot,1128,649,1274,783
d394ab64-8512-4343-90a0-c8d5f002f422_jpg.rf.91dd31b2449a2c70756ac573b1126e00.jpg,1920,1080,triangle_sandwich,1242,644,1369,780
d394ab64-8512-4343-90a0-c8d5f002f422_jpg.rf.91dd31b2449a2c70756ac573b1126e00.jpg,1920,1080,square_sandwich,1315,464,1482,610
d394ab64-8512-4343-90a0-c8d5f002f422_jpg.rf.91dd31b2449a2c70756ac573b1126e00.jpg,1920,1080,tray,743,188,1247,793
d394ab64-8512-4343-90a0-c8d5f002f422_jpg.rf.91dd31b2449a2c70756ac573b1126e00.jpg,1920,1080,tray,1068,343,1488,863
48700b82-5f2a-4023-80c7-5e099e923e03_jpg.rf.99542c2e8b74a62d9ac582ee416081d1.jpg,1920,1080,tray,1084,170,1562,793
48700b82-5f2a-4023-80c7-5e099e923e03_jpg.rf.99542c2e8b74a62d9ac582ee416081d1.jpg,1920,1080,tray,721,268,1093,839
48700b82-5f2a-4023-80c7-5e099e923e03_jpg.rf.99542c2e8b74a62d9ac582ee416081d1.jpg,1920,1080,takeout_ice,1306,495,1471,672
48700b82-5f2a-4023-80c7-5e099e923e03_jpg.rf.99542c2e8b74a62d9ac582ee416081d1.jpg,1920,1080,triangle_sandwich,729,391,900,590
48700b82-5f2a-4023-80c7-5e099e923e03_jpg.rf.99542c2e8b74a62d9ac582ee416081d1.jpg,1920,1080,square_sandwich,881,547,1039,771
48700b82-5f2a-4023-80c7-5e099e923e03_jpg.rf.99542c2e8b74a62d9ac582ee416081d1.jpg,1920,1080,tiramisu,1127,306,1276,459
48700b82-5f2a-4023-80c7-5e099e923e03_jpg.rf.99542c2e8b74a62d9ac582ee416081d1.jpg,1920,1080,fruit_cake,887,309,1050,448
48700b82-5f2a-4023-80c7-5e099e923e03_jpg.rf.99542c2e8b74a62d9ac582ee416081d1.jpg,1920,1080,cheese_cake,1135,563,1307,674
48700b82-5f2a-4023-80c7-5e099e923e03_jpg.rf.99542c2e8b74a62d9ac582ee416081d1.jpg,1920,1080,tumbler,1264,257,1460,501
c988ad81-e8e6-4202-a1e4-5031bdbb760c_jpg.rf.c02b6670f9035cb336d0b29b6fbe77d7.jpg,1920,1080,takeout_ice,957,37,1127,221
c988ad81-e8e6-4202-a1e4-5031bdbb760c_jpg.rf.c02b6670f9035cb336d0b29b6fbe77d7.jpg,1920,1080,cheese_cake,1023,289,1153,466
c988ad81-e8e6-4202-a1e4-5031bdbb760c_jpg.rf.c02b6670f9035cb336d0b29b6fbe77d7.jpg,1920,1080,tumbler,598,0,791,245
c988ad81-e8e6-4202-a1e4-5031bdbb760c_jpg.rf.c02b6670f9035cb336d0b29b6fbe77d7.jpg,1920,1080,fruit_cake,868,864,999,1053
c988ad81-e8e6-4202-a1e4-5031bdbb760c_jpg.rf.c02b6670f9035cb336d0b29b6fbe77d7.jpg,1920,1080,square_sandwich,965,569,1219,818
c988ad81-e8e6-4202-a1e4-5031bdbb760c_jpg.rf.c02b6670f9035cb336d0b29b6fbe77d7.jpg,1920,1080,tiramisu,639,618,828,775
c988ad81-e8e6-4202-a1e4-5031bdbb760c_jpg.rf.c02b6670f9035cb336d0b29b6fbe77d7.jpg,1920,1080,tray,520,568,1273,1079
c988ad81-e8e6-4202-a1e4-5031bdbb760c_jpg.rf.c02b6670f9035cb336d0b29b6fbe77d7.jpg,1920,1080,tray,509,72,1248,571
c988ad81-e8e6-4202-a1e4-5031bdbb760c_jpg.rf.c02b6670f9035cb336d0b29b6fbe77d7.jpg,1920,1080,triangle_sandwich,644,302,897,500
73f94115-c91f-40ff-a0d3-ee8bb106004d_jpg.rf.919387bfe100b590b1fc6d9ed8bfe9ed.jpg,1920,1080,takeout_ice,1042,431,1207,600
73f94115-c91f-40ff-a0d3-ee8bb106004d_jpg.rf.919387bfe100b590b1fc6d9ed8bfe9ed.jpg,1920,1080,cheese_cake,1293,371,1457,508
73f94115-c91f-40ff-a0d3-ee8bb106004d_jpg.rf.919387bfe100b590b1fc6d9ed8bfe9ed.jpg,1920,1080,fruit_cake,1217,595,1418,766
73f94115-c91f-40ff-a0d3-ee8bb106004d_jpg.rf.919387bfe100b590b1fc6d9ed8bfe9ed.jpg,1920,1080,tiramisu,751,384,903,509
73f94115-c91f-40ff-a0d3-ee8bb106004d_jpg.rf.919387bfe100b590b1fc6d9ed8bfe9ed.jpg,1920,1080,square_sandwich,812,532,1016,709
73f94115-c91f-40ff-a0d3-ee8bb106004d_jpg.rf.919387bfe100b590b1fc6d9ed8bfe9ed.jpg,1920,1080,triangle_sandwich,919,282,1125,462
73f94115-c91f-40ff-a0d3-ee8bb106004d_jpg.rf.919387bfe100b590b1fc6d9ed8bfe9ed.jpg,1920,1080,tray,688,222,1181,780
73f94115-c91f-40ff-a0d3-ee8bb106004d_jpg.rf.919387bfe100b590b1fc6d9ed8bfe9ed.jpg,1920,1080,tray,1007,258,1601,916
73f94115-c91f-40ff-a0d3-ee8bb106004d_jpg.rf.919387bfe100b590b1fc6d9ed8bfe9ed.jpg,1920,1080,tumbler,966,557,1172,758
cca2aa73-17f5-4b16-931e-37a2aa964f98_jpg.rf.af35f85c742d61bca4e41ba0f8da2600.jpg,1920,1080,takeout_hot,723,327,876,473
cca2aa73-17f5-4b16-931e-37a2aa964f98_jpg.rf.af35f85c742d61bca4e41ba0f8da2600.jpg,1920,1080,mug,840,194,989,374
cca2aa73-17f5-4b16-931e-37a2aa964f98_jpg.rf.af35f85c742d61bca4e41ba0f8da2600.jpg,1920,1080,bagel,1012,270,1152,411
cca2aa73-17f5-4b16-931e-37a2aa964f98_jpg.rf.af35f85c742d61bca4e41ba0f8da2600.jpg,1920,1080,muffin,1212,379,1336,503
cca2aa73-17f5-4b16-931e-37a2aa964f98_jpg.rf.af35f85c742d61bca4e41ba0f8da2600.jpg,1920,1080,croissant,826,476,986,639
cca2aa73-17f5-4b16-931e-37a2aa964f98_jpg.rf.af35f85c742d61bca4e41ba0f8da2600.jpg,1920,1080,scone,1001,660,1139,812
cca2aa73-17f5-4b16-931e-37a2aa964f98_jpg.rf.af35f85c742d61bca4e41ba0f8da2600.jpg,1920,1080,macaron,1252,632,1416,775
cca2aa73-17f5-4b16-931e-37a2aa964f98_jpg.rf.af35f85c742d61bca4e41ba0f8da2600.jpg,1920,1080,tray,922,314,1617,1004
cca2aa73-17f5-4b16-931e-37a2aa964f98_jpg.rf.af35f85c742d61bca4e41ba0f8da2600.jpg,1920,1080,tray,701,148,1260,710
6b9a7014-bf57-4b2b-bfcf-82d84e4ecfb4_jpg.rf.392eed75fe74d8d5021b79b34c32f774.jpg,1920,1080,tray,548,187,1333,913
6b9a7014-bf57-4b2b-bfcf-82d84e4ecfb4_jpg.rf.392eed75fe74d8d5021b79b34c32f774.jpg,1920,1080,bagel,896,419,1070,605
1ed8f85a-36cd-4499-bf09-ab966b15bdeb_jpg.rf.9d83cec3cd53c2f2ae804de5840a3646.jpg,1920,1080,takeout_ice,772,273,919,423
1ed8f85a-36cd-4499-bf09-ab966b15bdeb_jpg.rf.9d83cec3cd53c2f2ae804de5840a3646.jpg,1920,1080,tumbler,607,325,834,536
1ed8f85a-36cd-4499-bf09-ab966b15bdeb_jpg.rf.9d83cec3cd53c2f2ae804de5840a3646.jpg,1920,1080,mug,823,497,936,608
1ed8f85a-36cd-4499-bf09-ab966b15bdeb_jpg.rf.9d83cec3cd53c2f2ae804de5840a3646.jpg,1920,1080,croissant,1008,285,1112,447
1ed8f85a-36cd-4499-bf09-ab966b15bdeb_jpg.rf.9d83cec3cd53c2f2ae804de5840a3646.jpg,1920,1080,macaron,964,671,1096,807
1ed8f85a-36cd-4499-bf09-ab966b15bdeb_jpg.rf.9d83cec3cd53c2f2ae804de5840a3646.jpg,1920,1080,bagel,1184,620,1352,789
1ed8f85a-36cd-4499-bf09-ab966b15bdeb_jpg.rf.9d83cec3cd53c2f2ae804de5840a3646.jpg,1920,1080,scone,1161,419,1307,544
1ed8f85a-36cd-4499-bf09-ab966b15bdeb_jpg.rf.9d83cec3cd53c2f2ae804de5840a3646.jpg,1920,1080,tray,888,340,1579,1028
1ed8f85a-36cd-4499-bf09-ab966b15bdeb_jpg.rf.9d83cec3cd53c2f2ae804de5840a3646.jpg,1920,1080,tray,684,159,1242,720
07e55d98-ecdc-4fff-83b7-40d067263a7a_jpg.rf.a5b0db69aabbf6837cd04691d9a22aa7.jpg,1920,1080,square_sandwich,569,229,870,403
07e55d98-ecdc-4fff-83b7-40d067263a7a_jpg.rf.a5b0db69aabbf6837cd04691d9a22aa7.jpg,1920,1080,triangle_sandwich,953,233,1157,477
07e55d98-ecdc-4fff-83b7-40d067263a7a_jpg.rf.a5b0db69aabbf6837cd04691d9a22aa7.jpg,1920,1080,fruit_cake,647,629,851,767
07e55d98-ecdc-4fff-83b7-40d067263a7a_jpg.rf.a5b0db69aabbf6837cd04691d9a22aa7.jpg,1920,1080,cheese_cake,427,456,622,583
07e55d98-ecdc-4fff-83b7-40d067263a7a_jpg.rf.a5b0db69aabbf6837cd04691d9a22aa7.jpg,1920,1080,tiramisu,974,615,1125,770
07e55d98-ecdc-4fff-83b7-40d067263a7a_jpg.rf.a5b0db69aabbf6837cd04691d9a22aa7.jpg,1920,1080,takeout_hot,1221,284,1404,446
07e55d98-ecdc-4fff-83b7-40d067263a7a_jpg.rf.a5b0db69aabbf6837cd04691d9a22aa7.jpg,1920,1080,mug,1218,482,1409,682
07e55d98-ecdc-4fff-83b7-40d067263a7a_jpg.rf.a5b0db69aabbf6837cd04691d9a22aa7.jpg,1920,1080,tray,893,151,1381,880
07e55d98-ecdc-4fff-83b7-40d067263a7a_jpg.rf.a5b0db69aabbf6837cd04691d9a22aa7.jpg,1920,1080,tray,390,133,901,897
8be9c2ca-036e-48b3-9167-52cf632de2e1_jpg.rf.a663eee951784deb33df40ef804a64e9.jpg,1920,1080,tray,784,330,1295,835
8be9c2ca-036e-48b3-9167-52cf632de2e1_jpg.rf.a663eee951784deb33df40ef804a64e9.jpg,1920,1080,cheese_cake,1014,531,1112,665
7f2568c1-6f48-4103-8c60-400602048876_jpg.rf.b9d2b27fbf26a441a682ed10e862802a.jpg,1920,1080,croissant,1138,263,1242,478
7f2568c1-6f48-4103-8c60-400602048876_jpg.rf.b9d2b27fbf26a441a682ed10e862802a.jpg,1920,1080,muffin,975,525,1084,635
7f2568c1-6f48-4103-8c60-400602048876_jpg.rf.b9d2b27fbf26a441a682ed10e862802a.jpg,1920,1080,macaron,1249,652,1348,760
7f2568c1-6f48-4103-8c60-400602048876_jpg.rf.b9d2b27fbf26a441a682ed10e862802a.jpg,1920,1080,bagel,1264,452,1380,578
7f2568c1-6f48-4103-8c60-400602048876_jpg.rf.b9d2b27fbf26a441a682ed10e862802a.jpg,1920,1080,scone,1082,672,1192,779
7f2568c1-6f48-4103-8c60-400602048876_jpg.rf.b9d2b27fbf26a441a682ed10e862802a.jpg,1920,1080,takeout_hot,838,402,985,537
7f2568c1-6f48-4103-8c60-400602048876_jpg.rf.b9d2b27fbf26a441a682ed10e862802a.jpg,1920,1080,mug,953,270,1115,440
7f2568c1-6f48-4103-8c60-400602048876_jpg.rf.b9d2b27fbf26a441a682ed10e862802a.jpg,1920,1080,tray,1009,384,1472,903
7f2568c1-6f48-4103-8c60-400602048876_jpg.rf.b9d2b27fbf26a441a682ed10e862802a.jpg,1920,1080,tray,755,107,1312,710
41e43a83-f15e-4b80-99d3-8cc099dcbb66_jpg.rf.c42eee122fe3ebee4c2d9f324603b7c9.jpg,1920,1080,tiramisu,1167,252,1285,422
41e43a83-f15e-4b80-99d3-8cc099dcbb66_jpg.rf.c42eee122fe3ebee4c2d9f324603b7c9.jpg,1920,1080,cheese_cake,1149,527,1255,682
41e43a83-f15e-4b80-99d3-8cc099dcbb66_jpg.rf.c42eee122fe3ebee4c2d9f324603b7c9.jpg,1920,1080,takeout_hot,1309,438,1467,615
41e43a83-f15e-4b80-99d3-8cc099dcbb66_jpg.rf.c42eee122fe3ebee4c2d9f324603b7c9.jpg,1920,1080,mug,1294,308,1506,466
41e43a83-f15e-4b80-99d3-8cc099dcbb66_jpg.rf.c42eee122fe3ebee4c2d9f324603b7c9.jpg,1920,1080,square_sandwich,891,548,1045,789
41e43a83-f15e-4b80-99d3-8cc099dcbb66_jpg.rf.c42eee122fe3ebee4c2d9f324603b7c9.jpg,1920,1080,fruit_cake,874,316,1059,453
41e43a83-f15e-4b80-99d3-8cc099dcbb66_jpg.rf.c42eee122fe3ebee4c2d9f324603b7c9.jpg,1920,1080,triangle_sandwich,735,450,902,650
41e43a83-f15e-4b80-99d3-8cc099dcbb66_jpg.rf.c42eee122fe3ebee4c2d9f324603b7c9.jpg,1920,1080,tray,1091,184,1565,813
41e43a83-f15e-4b80-99d3-8cc099dcbb66_jpg.rf.c42eee122fe3ebee4c2d9f324603b7c9.jpg,1920,1080,tray,720,274,1091,845
5e50e2eb-b816-45d9-9798-0e1703235403_jpg.rf.d399fd107494dd719caa9e239a2fdc14.jpg,1920,1080,takeout_ice,844,350,992,485
5e50e2eb-b816-45d9-9798-0e1703235403_jpg.rf.d399fd107494dd719caa9e239a2fdc14.jpg,1920,1080,cheese_cake,1164,672,1292,812
5e50e2eb-b816-45d9-9798-0e1703235403_jpg.rf.d399fd107494dd719caa9e239a2fdc14.jpg,1920,1080,tiramisu,994,655,1101,778
5e50e2eb-b816-45d9-9798-0e1703235403_jpg.rf.d399fd107494dd719caa9e239a2fdc14.jpg,1920,1080,triangle_sandwich,1173,459,1311,635
5e50e2eb-b816-45d9-9798-0e1703235403_jpg.rf.d399fd107494dd719caa9e239a2fdc14.jpg,1920,1080,tray,715,99,1284,687
5e50e2eb-b816-45d9-9798-0e1703235403_jpg.rf.d399fd107494dd719caa9e239a2fdc14.jpg,1920,1080,tray,927,416,1402,923
5e50e2eb-b816-45d9-9798-0e1703235403_jpg.rf.d399fd107494dd719caa9e239a2fdc14.jpg,1920,1080,tumbler,962,243,1199,395
5e50e2eb-b816-45d9-9798-0e1703235403_jpg.rf.d399fd107494dd719caa9e239a2fdc14.jpg,1920,1080,square_sandwich,1085,282,1240,487
5e50e2eb-b816-45d9-9798-0e1703235403_jpg.rf.d399fd107494dd719caa9e239a2fdc14.jpg,1920,1080,fruit_cake,904,467,1074,593
b0b25793-6c65-4140-89f8-924100ae8ae5_jpg.rf.9de1d295b5043250f89c38e7fc090085.jpg,1920,1080,takeout_ice,986,116,1126,273
b0b25793-6c65-4140-89f8-924100ae8ae5_jpg.rf.9de1d295b5043250f89c38e7fc090085.jpg,1920,1080,tumbler,1078,95,1269,341
b0b25793-6c65-4140-89f8-924100ae8ae5_jpg.rf.9de1d295b5043250f89c38e7fc090085.jpg,1920,1080,bagel,819,568,976,724
b0b25793-6c65-4140-89f8-924100ae8ae5_jpg.rf.9de1d295b5043250f89c38e7fc090085.jpg,1920,1080,croissant,942,709,1106,880
b0b25793-6c65-4140-89f8-924100ae8ae5_jpg.rf.9de1d295b5043250f89c38e7fc090085.jpg,1920,1080,macaron,1162,574,1294,674
b0b25793-6c65-4140-89f8-924100ae8ae5_jpg.rf.9de1d295b5043250f89c38e7fc090085.jpg,1920,1080,muffin,852,273,962,382
b0b25793-6c65-4140-89f8-924100ae8ae5_jpg.rf.9de1d295b5043250f89c38e7fc090085.jpg,1920,1080,scone,1012,355,1149,470
b0b25793-6c65-4140-89f8-924100ae8ae5_jpg.rf.9de1d295b5043250f89c38e7fc090085.jpg,1920,1080,tray,786,130,1346,561
b0b25793-6c65-4140-89f8-924100ae8ae5_jpg.rf.9de1d295b5043250f89c38e7fc090085.jpg,1920,1080,tray,763,483,1395,955
68b8230d-66ca-46ea-be92-97fa61583adb_jpg.rf.e53cfe9f804813c8512fca5173a64dc7.jpg,1920,1080,muffin,1188,586,1345,746
68b8230d-66ca-46ea-be92-97fa61583adb_jpg.rf.e53cfe9f804813c8512fca5173a64dc7.jpg,1920,1080,scone,646,170,811,328
68b8230d-66ca-46ea-be92-97fa61583adb_jpg.rf.e53cfe9f804813c8512fca5173a64dc7.jpg,1920,1080,croissant,882,221,1087,408
68b8230d-66ca-46ea-be92-97fa61583adb_jpg.rf.e53cfe9f804813c8512fca5173a64dc7.jpg,1920,1080,bagel,627,434,814,615
68b8230d-66ca-46ea-be92-97fa61583adb_jpg.rf.e53cfe9f804813c8512fca5173a64dc7.jpg,1920,1080,macaron,937,807,1091,962
68b8230d-66ca-46ea-be92-97fa61583adb_jpg.rf.e53cfe9f804813c8512fca5173a64dc7.jpg,1920,1080,takeout_hot,1003,470,1165,635
68b8230d-66ca-46ea-be92-97fa61583adb_jpg.rf.e53cfe9f804813c8512fca5173a64dc7.jpg,1920,1080,mug,846,526,1000,747
68b8230d-66ca-46ea-be92-97fa61583adb_jpg.rf.e53cfe9f804813c8512fca5173a64dc7.jpg,1920,1080,tray,685,356,1461,1079
68b8230d-66ca-46ea-be92-97fa61583adb_jpg.rf.e53cfe9f804813c8512fca5173a64dc7.jpg,1920,1080,tray,365,0,1170,723
c7d603e3-d6e7-42d9-9e5f-dbbe24476938_jpg.rf.d86b0c65fa95802dcaed0c4da3652954.jpg,1920,1080,takeout_ice,1124,575,1269,702
c7d603e3-d6e7-42d9-9e5f-dbbe24476938_jpg.rf.d86b0c65fa95802dcaed0c4da3652954.jpg,1920,1080,fruit_cake,1154,315,1268,444
c7d603e3-d6e7-42d9-9e5f-dbbe24476938_jpg.rf.d86b0c65fa95802dcaed0c4da3652954.jpg,1920,1080,tray,774,96,1323,658
c7d603e3-d6e7-42d9-9e5f-dbbe24476938_jpg.rf.d86b0c65fa95802dcaed0c4da3652954.jpg,1920,1080,tray,962,419,1427,910
c7d603e3-d6e7-42d9-9e5f-dbbe24476938_jpg.rf.d86b0c65fa95802dcaed0c4da3652954.jpg,1920,1080,tumbler,1003,651,1201,833
c7d603e3-d6e7-42d9-9e5f-dbbe24476938_jpg.rf.d86b0c65fa95802dcaed0c4da3652954.jpg,1920,1080,tiramisu,1087,754,1207,865
c7d603e3-d6e7-42d9-9e5f-dbbe24476938_jpg.rf.d86b0c65fa95802dcaed0c4da3652954.jpg,1920,1080,square_sandwich,1247,566,1407,688
c7d603e3-d6e7-42d9-9e5f-dbbe24476938_jpg.rf.d86b0c65fa95802dcaed0c4da3652954.jpg,1920,1080,cheese_cake,1031,232,1130,367
c7d603e3-d6e7-42d9-9e5f-dbbe24476938_jpg.rf.d86b0c65fa95802dcaed0c4da3652954.jpg,1920,1080,triangle_sandwich,913,463,1127,599
d70b83fe-0b29-47de-86e4-97f5f1369262_jpg.rf.ca5d7e843bf4eb61014df27a4f4c2e73.jpg,1920,1080,scone,1254,664,1353,770
d70b83fe-0b29-47de-86e4-97f5f1369262_jpg.rf.ca5d7e843bf4eb61014df27a4f4c2e73.jpg,1920,1080,macaron,1102,668,1207,778
d70b83fe-0b29-47de-86e4-97f5f1369262_jpg.rf.ca5d7e843bf4eb61014df27a4f4c2e73.jpg,1920,1080,bagel,948,529,1075,668
d70b83fe-0b29-47de-86e4-97f5f1369262_jpg.rf.ca5d7e843bf4eb61014df27a4f4c2e73.jpg,1920,1080,muffin,979,294,1097,421
d70b83fe-0b29-47de-86e4-97f5f1369262_jpg.rf.ca5d7e843bf4eb61014df27a4f4c2e73.jpg,1920,1080,croissant,1232,487,1393,577
d70b83fe-0b29-47de-86e4-97f5f1369262_jpg.rf.ca5d7e843bf4eb61014df27a4f4c2e73.jpg,1920,1080,mug,1118,200,1281,375
d70b83fe-0b29-47de-86e4-97f5f1369262_jpg.rf.ca5d7e843bf4eb61014df27a4f4c2e73.jpg,1920,1080,takeout_hot,1151,393,1307,516
d70b83fe-0b29-47de-86e4-97f5f1369262_jpg.rf.ca5d7e843bf4eb61014df27a4f4c2e73.jpg,1920,1080,tray,1007,407,1469,920
d70b83fe-0b29-47de-86e4-97f5f1369262_jpg.rf.ca5d7e843bf4eb61014df27a4f4c2e73.jpg,1920,1080,tray,762,119,1321,717
aba33908-7f4f-47d7-9505-df4ff8fb577a_jpg.rf.e8059a8d17779264e2cb486d13466197.jpg,1920,1080,tray,1086,180,1559,803
aba33908-7f4f-47d7-9505-df4ff8fb577a_jpg.rf.e8059a8d17779264e2cb486d13466197.jpg,1920,1080,tray,719,274,1093,840
aba33908-7f4f-47d7-9505-df4ff8fb577a_jpg.rf.e8059a8d17779264e2cb486d13466197.jpg,1920,1080,tumbler,739,235,948,442
aba33908-7f4f-47d7-9505-df4ff8fb577a_jpg.rf.e8059a8d17779264e2cb486d13466197.jpg,1920,1080,muffin,1120,581,1258,719
aba33908-7f4f-47d7-9505-df4ff8fb577a_jpg.rf.e8059a8d17779264e2cb486d13466197.jpg,1920,1080,scone,937,448,1061,577
aba33908-7f4f-47d7-9505-df4ff8fb577a_jpg.rf.e8059a8d17779264e2cb486d13466197.jpg,1920,1080,bagel,1301,382,1469,547
aba33908-7f4f-47d7-9505-df4ff8fb577a_jpg.rf.e8059a8d17779264e2cb486d13466197.jpg,1920,1080,croissant,773,576,874,794
aba33908-7f4f-47d7-9505-df4ff8fb577a_jpg.rf.e8059a8d17779264e2cb486d13466197.jpg,1920,1080,takeout_ice,717,381,867,528
aba33908-7f4f-47d7-9505-df4ff8fb577a_jpg.rf.e8059a8d17779264e2cb486d13466197.jpg,1920,1080,macaron,1152,293,1263,418
01a6e3cd-c68e-4177-87c7-2d3d338e6dde_jpg.rf.b7788f6cda55c03d238eb6a7c0d664ce.jpg,1920,1080,takeout_ice,562,151,741,326
01a6e3cd-c68e-4177-87c7-2d3d338e6dde_jpg.rf.b7788f6cda55c03d238eb6a7c0d664ce.jpg,1920,1080,tumbler,339,253,589,459
01a6e3cd-c68e-4177-87c7-2d3d338e6dde_jpg.rf.b7788f6cda55c03d238eb6a7c0d664ce.jpg,1920,1080,scone,615,478,783,638
01a6e3cd-c68e-4177-87c7-2d3d338e6dde_jpg.rf.b7788f6cda55c03d238eb6a7c0d664ce.jpg,1920,1080,bagel,831,223,1032,417
01a6e3cd-c68e-4177-87c7-2d3d338e6dde_jpg.rf.b7788f6cda55c03d238eb6a7c0d664ce.jpg,1920,1080,croissant,1071,462,1261,668
01a6e3cd-c68e-4177-87c7-2d3d338e6dde_jpg.rf.b7788f6cda55c03d238eb6a7c0d664ce.jpg,1920,1080,muffin,1056,768,1214,927
01a6e3cd-c68e-4177-87c7-2d3d338e6dde_jpg.rf.b7788f6cda55c03d238eb6a7c0d664ce.jpg,1920,1080,macaron,782,725,937,885
01a6e3cd-c68e-4177-87c7-2d3d338e6dde_jpg.rf.b7788f6cda55c03d238eb6a7c0d664ce.jpg,1920,1080,tray,677,364,1453,1079
01a6e3cd-c68e-4177-87c7-2d3d338e6dde_jpg.rf.b7788f6cda55c03d238eb6a7c0d664ce.jpg,1920,1080,tray,362,0,1153,748
e11c9777-7352-42b0-bcf3-e11bcf0fde06_jpg.rf.defa557d90bb8092166854dc9f1a5287.jpg,1920,1080,takeout_ice,677,469,819,603
e11c9777-7352-42b0-bcf3-e11bcf0fde06_jpg.rf.defa557d90bb8092166854dc9f1a5287.jpg,1920,1080,tumbler,709,245,918,469
e11c9777-7352-42b0-bcf3-e11bcf0fde06_jpg.rf.defa557d90bb8092166854dc9f1a5287.jpg,1920,1080,cheese_cake,1163,320,1323,489
e11c9777-7352-42b0-bcf3-e11bcf0fde06_jpg.rf.defa557d90bb8092166854dc9f1a5287.jpg,1920,1080,fruit_cake,930,267,1086,422
e11c9777-7352-42b0-bcf3-e11bcf0fde06_jpg.rf.defa557d90bb8092166854dc9f1a5287.jpg,1920,1080,tiramisu,1052,636,1182,787
e11c9777-7352-42b0-bcf3-e11bcf0fde06_jpg.rf.defa557d90bb8092166854dc9f1a5287.jpg,1920,1080,square_sandwich,1219,473,1493,670
e11c9777-7352-42b0-bcf3-e11bcf0fde06_jpg.rf.defa557d90bb8092166854dc9f1a5287.jpg,1920,1080,triangle_sandwich,811,470,1012,638
e11c9777-7352-42b0-bcf3-e11bcf0fde06_jpg.rf.defa557d90bb8092166854dc9f1a5287.jpg,1920,1080,tray,981,278,1590,947
e11c9777-7352-42b0-bcf3-e11bcf0fde06_jpg.rf.defa557d90bb8092166854dc9f1a5287.jpg,1920,1080,tray,632,178,1194,805
6944c754-0c52-41ba-8433-40fffba51506_jpg.rf.b0e3a866404652fa2d24a7ec481fb92b.jpg,1920,1080,takeout_ice,809,183,953,335
6944c754-0c52-41ba-8433-40fffba51506_jpg.rf.b0e3a866404652fa2d24a7ec481fb92b.jpg,1920,1080,tumbler,899,93,1102,317
6944c754-0c52-41ba-8433-40fffba51506_jpg.rf.b0e3a866404652fa2d24a7ec481fb92b.jpg,1920,1080,bagel,1165,412,1323,560
6944c754-0c52-41ba-8433-40fffba51506_jpg.rf.b0e3a866404652fa2d24a7ec481fb92b.jpg,1920,1080,croissant,1090,640,1258,811
6944c754-0c52-41ba-8433-40fffba51506_jpg.rf.b0e3a866404652fa2d24a7ec481fb92b.jpg,1920,1080,macaron,949,382,1070,477
6944c754-0c52-41ba-8433-40fffba51506_jpg.rf.b0e3a866404652fa2d24a7ec481fb92b.jpg,1920,1080,muffin,893,628,1014,754
6944c754-0c52-41ba-8433-40fffba51506_jpg.rf.b0e3a866404652fa2d24a7ec481fb92b.jpg,1920,1080,scone,752,375,858,492
6944c754-0c52-41ba-8433-40fffba51506_jpg.rf.b0e3a866404652fa2d24a7ec481fb92b.jpg,1920,1080,tray,845,349,1531,1009
6944c754-0c52-41ba-8433-40fffba51506_jpg.rf.b0e3a866404652fa2d24a7ec481fb92b.jpg,1920,1080,tray,679,130,1239,673
688cbfaa-2e32-4cee-8438-28edfed9af33_jpg.rf.b13e8e23479bc69990cb073fac78569f.jpg,1920,1080,croissant,1149,290,1277,431
688cbfaa-2e32-4cee-8438-28edfed9af33_jpg.rf.b13e8e23479bc69990cb073fac78569f.jpg,1920,1080,bagel,947,276,1088,421
688cbfaa-2e32-4cee-8438-28edfed9af33_jpg.rf.b13e8e23479bc69990cb073fac78569f.jpg,1920,1080,scone,930,511,1057,633
688cbfaa-2e32-4cee-8438-28edfed9af33_jpg.rf.b13e8e23479bc69990cb073fac78569f.jpg,1920,1080,muffin,1257,503,1359,611
688cbfaa-2e32-4cee-8438-28edfed9af33_jpg.rf.b13e8e23479bc69990cb073fac78569f.jpg,1920,1080,macaron,1087,663,1184,761
688cbfaa-2e32-4cee-8438-28edfed9af33_jpg.rf.b13e8e23479bc69990cb073fac78569f.jpg,1920,1080,takeout_ice,1248,688,1393,815
688cbfaa-2e32-4cee-8438-28edfed9af33_jpg.rf.b13e8e23479bc69990cb073fac78569f.jpg,1920,1080,tumbler,1345,602,1565,756
688cbfaa-2e32-4cee-8438-28edfed9af33_jpg.rf.b13e8e23479bc69990cb073fac78569f.jpg,1920,1080,tray,752,109,1316,697
688cbfaa-2e32-4cee-8438-28edfed9af33_jpg.rf.b13e8e23479bc69990cb073fac78569f.jpg,1920,1080,tray,983,407,1455,921
b9ffe184-36ca-4a4a-8a35-a28f27a787f1_jpg.rf.c5634d63939060fcfaa76b3335982d50.jpg,1920,1080,takeout_ice,341,525,528,706
b9ffe184-36ca-4a4a-8a35-a28f27a787f1_jpg.rf.c5634d63939060fcfaa76b3335982d50.jpg,1920,1080,tumbler,351,731,611,941
b9ffe184-36ca-4a4a-8a35-a28f27a787f1_jpg.rf.c5634d63939060fcfaa76b3335982d50.jpg,1920,1080,fruit_cake,1141,522,1313,654
b9ffe184-36ca-4a4a-8a35-a28f27a787f1_jpg.rf.c5634d63939060fcfaa76b3335982d50.jpg,1920,1080,tiramisu,462,266,637,385
b9ffe184-36ca-4a4a-8a35-a28f27a787f1_jpg.rf.c5634d63939060fcfaa76b3335982d50.jpg,1920,1080,square_sandwich,624,494,848,788
b9ffe184-36ca-4a4a-8a35-a28f27a787f1_jpg.rf.c5634d63939060fcfaa76b3335982d50.jpg,1920,1080,triangle_sandwich,924,219,1163,473
b9ffe184-36ca-4a4a-8a35-a28f27a787f1_jpg.rf.c5634d63939060fcfaa76b3335982d50.jpg,1920,1080,tray,884,186,1368,923
b9ffe184-36ca-4a4a-8a35-a28f27a787f1_jpg.rf.c5634d63939060fcfaa76b3335982d50.jpg,1920,1080,tray,378,166,889,926
b9ffe184-36ca-4a4a-8a35-a28f27a787f1_jpg.rf.c5634d63939060fcfaa76b3335982d50.jpg,1920,1080,cheese_cake,946,681,1106,826
e12efa84-fde1-4cf6-a25a-efc2ec59456f_jpg.rf.a18916424b1cf2cd34ed5a86eab539c0.jpg,1920,1080,mug,903,473,1127,629
f27c7edf-27af-40d8-8b81-6db0a20cb540_jpg.rf.a100eb233cf763c3710e24d44a2fa3b7.jpg,1920,1080,square_sandwich,978,323,1169,497
f27c7edf-27af-40d8-8b81-6db0a20cb540_jpg.rf.a100eb233cf763c3710e24d44a2fa3b7.jpg,1920,1080,takeout_ice,857,622,996,753
f27c7edf-27af-40d8-8b81-6db0a20cb540_jpg.rf.a100eb233cf763c3710e24d44a2fa3b7.jpg,1920,1080,tumbler,857,432,1067,599
f27c7edf-27af-40d8-8b81-6db0a20cb540_jpg.rf.a100eb233cf763c3710e24d44a2fa3b7.jpg,1920,1080,tiramisu,1192,352,1314,477
f27c7edf-27af-40d8-8b81-6db0a20cb540_jpg.rf.a100eb233cf763c3710e24d44a2fa3b7.jpg,1920,1080,fruit_cake,1311,466,1430,588
f27c7edf-27af-40d8-8b81-6db0a20cb540_jpg.rf.a100eb233cf763c3710e24d44a2fa3b7.jpg,1920,1080,cheese_cake,962,609,1111,695
f27c7edf-27af-40d8-8b81-6db0a20cb540_jpg.rf.a100eb233cf763c3710e24d44a2fa3b7.jpg,1920,1080,triangle_sandwich,1155,558,1307,728
f27c7edf-27af-40d8-8b81-6db0a20cb540_jpg.rf.a100eb233cf763c3710e24d44a2fa3b7.jpg,1920,1080,tray,794,235,1180,805
f27c7edf-27af-40d8-8b81-6db0a20cb540_jpg.rf.a100eb233cf763c3710e24d44a2fa3b7.jpg,1920,1080,tray,1130,273,1459,777
c331f94a-419c-46a4-ba4c-9ea30be8e47a_jpg.rf.e7512d9bb34652688720052ac3795532.jpg,1920,1080,takeout_ice,958,504,1113,655
c331f94a-419c-46a4-ba4c-9ea30be8e47a_jpg.rf.e7512d9bb34652688720052ac3795532.jpg,1920,1080,tumbler,747,475,970,688
c331f94a-419c-46a4-ba4c-9ea30be8e47a_jpg.rf.e7512d9bb34652688720052ac3795532.jpg,1920,1080,cheese_cake,1040,177,1184,324
c331f94a-419c-46a4-ba4c-9ea30be8e47a_jpg.rf.e7512d9bb34652688720052ac3795532.jpg,1920,1080,fruit_cake,1153,307,1292,453
c331f94a-419c-46a4-ba4c-9ea30be8e47a_jpg.rf.e7512d9bb34652688720052ac3795532.jpg,1920,1080,tiramisu,850,712,1023,859
c331f94a-419c-46a4-ba4c-9ea30be8e47a_jpg.rf.e7512d9bb34652688720052ac3795532.jpg,1920,1080,square_sandwich,1121,602,1375,860
c331f94a-419c-46a4-ba4c-9ea30be8e47a_jpg.rf.e7512d9bb34652688720052ac3795532.jpg,1920,1080,triangle_sandwich,864,369,1065,510
c331f94a-419c-46a4-ba4c-9ea30be8e47a_jpg.rf.e7512d9bb34652688720052ac3795532.jpg,1920,1080,tray,822,123,1393,550
c331f94a-419c-46a4-ba4c-9ea30be8e47a_jpg.rf.e7512d9bb34652688720052ac3795532.jpg,1920,1080,tray,807,480,1458,960
4018c799-5a84-497e-bbec-fa1f4c945a71_jpg.rf.e7059d8e3849069f2fb110a82e71d96c.jpg,1920,1080,takeout_ice,1070,416,1230,583
4018c799-5a84-497e-bbec-fa1f4c945a71_jpg.rf.e7059d8e3849069f2fb110a82e71d96c.jpg,1920,1080,tumbler,1220,413,1447,605
4018c799-5a84-497e-bbec-fa1f4c945a71_jpg.rf.e7059d8e3849069f2fb110a82e71d96c.jpg,1920,1080,square_sandwich,1067,663,1352,849
4018c799-5a84-497e-bbec-fa1f4c945a71_jpg.rf.e7059d8e3849069f2fb110a82e71d96c.jpg,1920,1080,triangle_sandwich,851,595,1026,876
4018c799-5a84-497e-bbec-fa1f4c945a71_jpg.rf.e7059d8e3849069f2fb110a82e71d96c.jpg,1920,1080,tray,371,0,1172,714
4018c799-5a84-497e-bbec-fa1f4c945a71_jpg.rf.e7059d8e3849069f2fb110a82e71d96c.jpg,1920,1080,tray,710,328,1481,1078
4018c799-5a84-497e-bbec-fa1f4c945a71_jpg.rf.e7059d8e3849069f2fb110a82e71d96c.jpg,1920,1080,tiramisu,690,143,805,348
4018c799-5a84-497e-bbec-fa1f4c945a71_jpg.rf.e7059d8e3849069f2fb110a82e71d96c.jpg,1920,1080,fruit_cake,565,420,742,615
4018c799-5a84-497e-bbec-fa1f4c945a71_jpg.rf.e7059d8e3849069f2fb110a82e71d96c.jpg,1920,1080,cheese_cake,898,231,1104,343
3ffa2bb1-ace9-477b-be54-44190e11829c_jpg.rf.fecfa258969309aec246023b30d700be.jpg,1920,1080,mug,703,626,878,780
3ffa2bb1-ace9-477b-be54-44190e11829c_jpg.rf.fecfa258969309aec246023b30d700be.jpg,1920,1080,takeout_hot,698,432,855,576
3ffa2bb1-ace9-477b-be54-44190e11829c_jpg.rf.fecfa258969309aec246023b30d700be.jpg,1920,1080,cheese_cake,883,362,1002,486
3ffa2bb1-ace9-477b-be54-44190e11829c_jpg.rf.fecfa258969309aec246023b30d700be.jpg,1920,1080,triangle_sandwich,882,533,1071,695
3ffa2bb1-ace9-477b-be54-44190e11829c_jpg.rf.fecfa258969309aec246023b30d700be.jpg,1920,1080,fruit_cake,1108,569,1300,718
3ffa2bb1-ace9-477b-be54-44190e11829c_jpg.rf.fecfa258969309aec246023b30d700be.jpg,1920,1080,square_sandwich,1103,246,1257,465
3ffa2bb1-ace9-477b-be54-44190e11829c_jpg.rf.fecfa258969309aec246023b30d700be.jpg,1920,1080,tiramisu,1302,393,1482,561
3ffa2bb1-ace9-477b-be54-44190e11829c_jpg.rf.fecfa258969309aec246023b30d700be.jpg,1920,1080,tray,1087,186,1568,816
3ffa2bb1-ace9-477b-be54-44190e11829c_jpg.rf.fecfa258969309aec246023b30d700be.jpg,1920,1080,tray,724,279,1095,855
e9e4b716-bfd6-434b-92e9-7846f2f099ec_jpg.rf.ffc5d559ac7baefa552fbca132d5dea3.jpg,1920,1080,tumbler,811,325,1027,538
c22be3e9-2ff4-4f55-bff1-0b7f437a3c41_jpg.rf.c98302be14d10798f077162a732ae5d5.jpg,1920,1080,takeout_ice,1243,644,1427,807
c22be3e9-2ff4-4f55-bff1-0b7f437a3c41_jpg.rf.c98302be14d10798f077162a732ae5d5.jpg,1920,1080,fruit_cake,651,160,804,304
c22be3e9-2ff4-4f55-bff1-0b7f437a3c41_jpg.rf.c98302be14d10798f077162a732ae5d5.jpg,1920,1080,tiramisu,669,442,818,590
c22be3e9-2ff4-4f55-bff1-0b7f437a3c41_jpg.rf.c98302be14d10798f077162a732ae5d5.jpg,1920,1080,square_sandwich,823,606,1011,899
c22be3e9-2ff4-4f55-bff1-0b7f437a3c41_jpg.rf.c98302be14d10798f077162a732ae5d5.jpg,1920,1080,cheese_cake,1092,469,1261,665
c22be3e9-2ff4-4f55-bff1-0b7f437a3c41_jpg.rf.c98302be14d10798f077162a732ae5d5.jpg,1920,1080,tray,395,0,1208,704
c22be3e9-2ff4-4f55-bff1-0b7f437a3c41_jpg.rf.c98302be14d10798f077162a732ae5d5.jpg,1920,1080,tray,707,344,1481,1079
c22be3e9-2ff4-4f55-bff1-0b7f437a3c41_jpg.rf.c98302be14d10798f077162a732ae5d5.jpg,1920,1080,tumbler,1062,803,1275,1018
c22be3e9-2ff4-4f55-bff1-0b7f437a3c41_jpg.rf.c98302be14d10798f077162a732ae5d5.jpg,1920,1080,triangle_sandwich,924,142,1119,402
e159e85b-9232-4e69-8260-019d4fd204b5_jpg.rf.f22934c9b81dc2256841605798957872.jpg,1920,1080,tray,946,296,1578,977
e159e85b-9232-4e69-8260-019d4fd204b5_jpg.rf.f22934c9b81dc2256841605798957872.jpg,1920,1080,tray,663,203,1182,767
e159e85b-9232-4e69-8260-019d4fd204b5_jpg.rf.f22934c9b81dc2256841605798957872.jpg,1920,1080,bagel,1216,579,1389,745
e159e85b-9232-4e69-8260-019d4fd204b5_jpg.rf.f22934c9b81dc2256841605798957872.jpg,1920,1080,mug,866,422,1041,615
e159e85b-9232-4e69-8260-019d4fd204b5_jpg.rf.f22934c9b81dc2256841605798957872.jpg,1920,1080,muffin,990,651,1130,789
e159e85b-9232-4e69-8260-019d4fd204b5_jpg.rf.f22934c9b81dc2256841605798957872.jpg,1920,1080,takeout_hot,972,253,1139,427
e159e85b-9232-4e69-8260-019d4fd204b5_jpg.rf.f22934c9b81dc2256841605798957872.jpg,1920,1080,croissant,757,464,869,666
e159e85b-9232-4e69-8260-019d4fd204b5_jpg.rf.f22934c9b81dc2256841605798957872.jpg,1920,1080,macaron,1168,379,1310,512
e159e85b-9232-4e69-8260-019d4fd204b5_jpg.rf.f22934c9b81dc2256841605798957872.jpg,1920,1080,scone,850,308,969,417
0e222e95-3061-4024-b4ed-f8c0dedbf9fc_jpg.rf.f9bc88e44cae1880a66666d2e2daaded.jpg,1920,1080,tray,708,123,1253,737
0e222e95-3061-4024-b4ed-f8c0dedbf9fc_jpg.rf.f9bc88e44cae1880a66666d2e2daaded.jpg,1920,1080,takeout_hot,1131,726,1278,860
0e222e95-3061-4024-b4ed-f8c0dedbf9fc_jpg.rf.f9bc88e44cae1880a66666d2e2daaded.jpg,1920,1080,bagel,1083,293,1228,438
0e222e95-3061-4024-b4ed-f8c0dedbf9fc_jpg.rf.f9bc88e44cae1880a66666d2e2daaded.jpg,1920,1080,tray,1012,344,1455,860
0e222e95-3061-4024-b4ed-f8c0dedbf9fc_jpg.rf.f9bc88e44cae1880a66666d2e2daaded.jpg,1920,1080,mug,1230,661,1382,814
0e222e95-3061-4024-b4ed-f8c0dedbf9fc_jpg.rf.f9bc88e44cae1880a66666d2e2daaded.jpg,1920,1080,macaron,1127,562,1222,655
0e222e95-3061-4024-b4ed-f8c0dedbf9fc_jpg.rf.f9bc88e44cae1880a66666d2e2daaded.jpg,1920,1080,croissant,1270,495,1424,592
0e222e95-3061-4024-b4ed-f8c0dedbf9fc_jpg.rf.f9bc88e44cae1880a66666d2e2daaded.jpg,1920,1080,scone,891,320,1017,461
0e222e95-3061-4024-b4ed-f8c0dedbf9fc_jpg.rf.f9bc88e44cae1880a66666d2e2daaded.jpg,1920,1080,muffin,948,556,1053,663